id,term,definition,section,category,source_id,source_page,source_order,parser_profile,parser_version,review_status,warnings,raw_entry_text
98bb1efd3df5a7db,VOCABULARY,——————™m® PROV eee,,classical-roots,classical-roots-vocabulary-from-classical-roots-ocr,1,1,generic,generic-line-parser.v1,needs_review,,"VOCABULARY
——————™m® PROV eee"
bed77db62fc8dc9d,ROOTS,Norma Fifer v Nancy Flowers 4 EDUCATORS PUBLISHING) SERVICE,,classical-roots,classical-roots-vocabulary-from-classical-roots-ocr,1,2,generic,generic-line-parser.v1,needs_review,,"ROOTS
Norma Fifer v Nancy Flowers
4
EDUCATORS PUBLISHING) SERVICE"
96dd25b9ab3e4d28,Illustrations in Vocabulary from Classical Roots,A have been taken,,classical-roots,classical-roots-vocabulary-from-classical-roots-ocr,2,3,generic,generic-line-parser.v1,needs_review,,Illustrations in Vocabulary from Classical Roots—A have been taken
dbcb26aad0013ebf,New York,"Dover Publications, Inc., 1970.",,classical-roots,classical-roots-vocabulary-from-classical-roots-ocr,2,4,generic,generic-line-parser.v1,needs_review,,"New York: Dover Publications, Inc., 1970."
87918e07f081c76a,New York,"Dover Publications, Inc., 1962.",,classical-roots,classical-roots-vocabulary-from-classical-roots-ocr,2,5,generic,generic-line-parser.v1,needs_review,,"New York: Dover Publications, Inc., 1962."
6881381af3f9bdbb,New York,"Dover Publications, Inc., 1978.",,classical-roots,classical-roots-vocabulary-from-classical-roots-ocr,2,6,generic,generic-line-parser.v1,needs_review,,"New York: Dover Publications, Inc., 1978."
77dad8bec35fb814,New York,"Dover Publications, Inc., 1988.",,classical-roots,classical-roots-vocabulary-from-classical-roots-ocr,2,7,generic,generic-line-parser.v1,needs_review,,"New York: Dover Publications, Inc., 1988."
98d31087b52e3c68,Cover photograph,PhotoDisc/Getty Images.,,classical-roots,classical-roots-vocabulary-from-classical-roots-ocr,2,8,generic,generic-line-parser.v1,needs_review,,Cover photograph: PhotoDisc/Getty Images.
b550ff218bd5483d,Directions,LESSON 1,,classical-roots,classical-roots-vocabulary-from-classical-roots-ocr,4,9,generic,generic-line-parser.v1,needs_review,,"Directions
LESSON 1"
33a2b0314ee9030f,Numbers,. Determine how the Latin or Greek root is related in meaning and,,classical-roots,classical-roots-vocabulary-from-classical-roots-ocr,4,10,generic,generic-line-parser.v1,needs_review,,"Numbers
. Determine how the Latin or Greek root is related in meaning and"
e35abb80e9a5dfe4,spelling to each defined,KEY—word that follows it.,,classical-roots,classical-roots-vocabulary-from-classical-roots-ocr,4,11,generic,generic-line-parser.v1,needs_review,,spelling to each defined —KEY—word that follows it.
3d6554037bd4fa48,Key Words,"bilateral duplicate monologue bipartisan. monarch monopoly bisect monogram unanimous duplex monolith unilateral MONOS <G. “one” 1. monologue (mén’a 16g, mon’a log) [logos <G. “word,” “speech”] n. A long speech made by one performer or by one person in a group.",,classical-roots,classical-roots-vocabulary-from-classical-roots-ocr,4,12,generic,generic-line-parser.v1,needs_review,,"Key Words
bilateral duplicate monologue
bipartisan. monarch monopoly
bisect monogram unanimous
duplex monolith unilateral
MONOS <G. “one”
1. monologue (mén’a 16g, mon’a log) [logos <G. “word,” “speech”]
n. A long speech made by one performer or by one person in a group."
9ed5edfd6dd9d5a5,monotone,"Because my friend does all the talking, our conversation usually turns into a monologue. monarch (mon’ork, mén’ark) [arkos<G. “ruler”] n. 1. A person who rules a kingdom or empire; a king or queen, emperor or empress. Queen Victoria was monarch of the British Empire at its height. 2. A large black and orange American butterfly. In early autumn large flocks of monarchs migrate from Canada to their winter homes in Mexico. monarchial, adj.; monarchic, adj.; monarchical, adj.; monarchy, n. monogram (mo6n’o gram) [gramma<G. “letter”] n. A design composed of letters, usually the first letter of a name. The personal dishes and silverware of French mon- arch Napoleon Bonaparte bore the monogram N. monogram, v. . monopoly (mo ndp’a lé) [polein <G. “to sell”] n. 1. Exclusive control of the trade in some item or service. One publisher holds a monopoly on printing all of our school publica- tions. 2. Sole ownership or control of anything. During the winter the basketball team has a monopoly on the gym after school. monopolize, v. monolith (mén’a lith) — [lithos <G. “stone”] n. 1. A large block of stone. A massive monolith formed the roof of the tomb. 2. A large organization that acts as a single unit. Local restaurants cannot compete with a",,classical-roots,classical-roots-vocabulary-from-classical-roots-ocr,5,13,generic,generic-line-parser.v1,needs_review,,"monotone
Because my friend does all the talking, our conversation usually turns
into a monologue.
monarch (mon’ork, mén’ark) [arkos<G.
“ruler”]
n. 1. A person who rules a kingdom or empire;
a king or queen, emperor or empress.
Queen Victoria was monarch of the British Empire
at its height.
2. A large black and orange American butterfly.
In early autumn large flocks of monarchs migrate from Canada to their
winter homes in Mexico.
monarchial, adj.; monarchic, adj.; monarchical, adj.; monarchy, n.
monogram (mo6n’o gram) [gramma<G. “letter”]
n. A design composed of letters, usually the first
letter of a name.
The personal dishes and silverware of French mon-
arch Napoleon Bonaparte bore the monogram N.
monogram, v.
. monopoly (mo ndp’a lé) [polein <G. “to sell”]
n. 1. Exclusive control of the trade in some item or service.
One publisher holds a monopoly on printing all of our school publica-
tions.
2. Sole ownership or control of anything.
During the winter the basketball team has a monopoly on the gym after
school.
monopolize, v.
monolith (mén’a lith) — [lithos <G. “stone”]
n. 1. A large block of stone.
A massive monolith formed the roof of the
tomb.
2. A large organization that acts as a single
unit.
Local restaurants cannot compete with a"
03124af77a5d8001,monolith like a national fast,food chain.,,classical-roots,classical-roots-vocabulary-from-classical-roots-ocr,5,14,generic,generic-line-parser.v1,needs_review,,monolith like a national fast-food chain.
51b134e5dbfbceb5,duple,"UNUS < L. “one” 6. unanimous (yoo nan’o9 mos) [animus <L. “mind,” “spirit”] adj. Being in complete agreement. To reach a verdict, a jury must achieve a unanimous decision. unanimity, .; unanimously, adv. unilateral (y00’no lat’or ol) [/atus <L. “side”] adj. One-sided; done by or affecting one person, group, or country, etc., and not another. Since the rest of my family was away when the house burned, | had to make unilateral decisions about repairs. unilaterally, adv.",,classical-roots,classical-roots-vocabulary-from-classical-roots-ocr,6,15,generic,generic-line-parser.v1,needs_review,,"duple
UNUS < L. “one”
6. unanimous (yoo nan’o9 mos) [animus <L.
“mind,” “spirit”]
adj. Being in complete agreement.
To reach a verdict, a jury must achieve a
unanimous decision.
unanimity, .; unanimously, adv.
unilateral (y00’no lat’or ol) [/atus <L. “side”]
adj. One-sided; done by or affecting one person, group, or country,
etc., and not another.
Since the rest of my family was away when the house burned, | had to
make unilateral decisions about repairs.
unilaterally, adv."
36db89be9d0aa43b,NOTA BENE,It is easy to see how some words are,,classical-roots,classical-roots-vocabulary-from-classical-roots-ocr,6,16,generic,generic-line-parser.v1,needs_review,,NOTA BENE: It is easy to see how some words are
8deb290ded1342f7,bivalve,EXERCISE 1A,,classical-roots,classical-roots-vocabulary-from-classical-roots-ocr,7,17,generic,generic-line-parser.v1,needs_review,,"bivalve
EXERCISE 1A"
ba44affe7f8031f2,VOCABULARY FROM CLASSICAL ROOTS,BI <L. “two” 10. 11. 12. bilateral (bi lat’or ol) [Jatus <L. “side”] adj. 1. Having two sides. Our school has a bilateral athletic program that,,classical-roots,classical-roots-vocabulary-from-classical-roots-ocr,7,18,generic,generic-line-parser.v1,needs_review,,"VOCABULARY FROM CLASSICAL ROOTS
BI <L. “two”
10.
11.
12.
bilateral (bi lat’or ol) [Jatus <L. “side”]
adj. 1. Having two sides.
Our school has a bilateral athletic program that"
1ba58eb24dc0922a,includes both in-school and after,school sports.,,classical-roots,classical-roots-vocabulary-from-classical-roots-ocr,7,19,generic,generic-line-parser.v1,needs_review,,includes both in-school and after-school sports.
e472ecb9a088c02f,ee,"3. submit applications in duplicate a. twice _b. in two identical copies c. ontime d. severaltimes ee. bilaterally a(n) unilateral offer a. sideways b. unfair c. agreed upon d. awkward e. one-sided to bisectafield a. plow b. halve c. diginto d. cross e. duplicate a bipartisan effort a. Republican b. two-sided _c. halfhearted d. two-party e, divided a pink duplex a. design of two letters _b. single-family house c. apartment building dd. sheet of plastic e. two-family house an elaborate monogram a. large stone b. design of letters c. longspeech d. throne e. skit",,classical-roots,classical-roots-vocabulary-from-classical-roots-ocr,7,20,generic,generic-line-parser.v1,needs_review,,"ee
3.
submit applications in duplicate a. twice _b. in two identical
copies c. ontime d. severaltimes ee. bilaterally
a(n) unilateral offer a. sideways b. unfair c. agreed upon
d. awkward e. one-sided
to bisectafield a. plow b. halve c. diginto d. cross
e. duplicate
a bipartisan effort a. Republican b. two-sided _c. halfhearted
d. two-party e, divided
a pink duplex a. design of two letters _b. single-family house
c. apartment building dd. sheet of plastic e. two-family house
an elaborate monogram a. large stone b. design of letters
c. longspeech d. throne e. skit"
140178bbea8fbc0d,nearly opposite the word in bold,faced type).,,classical-roots,classical-roots-vocabulary-from-classical-roots-ocr,8,21,generic,generic-line-parser.v1,needs_review,,nearly opposite the word in bold-faced type).
6354e0a90141f928,Circle the letter of the sentence in which the word in bold,faced type is,,classical-roots,classical-roots-vocabulary-from-classical-roots-ocr,8,22,generic,generic-line-parser.v1,needs_review,,Circle the letter of the sentence in which the word in bold-faced type is
e476cff2c8e8aebf,VOCABULARY FROM CLASSICAL ROOTS,". Five rivers bisect the plains. . The estate is bisected by an irrigation canal. When you bisect an angle of 90°, two 45° angles are produced. . Bisecting an irregular area precisely is difficult. . Our school has a bilateral antismoking campaign that encourages smokers to quit and warns nonsmokers never to start. . Poland, Latvia, and Estonia entered into a bilateral alliance. . In bilateral discussions, both union and management agreed to compromise their demands. . The two cousins worked out a bilateral arrangement to share the family sailboat on alternate weekends.",,classical-roots,classical-roots-vocabulary-from-classical-roots-ocr,9,23,generic,generic-line-parser.v1,needs_review,,"VOCABULARY FROM CLASSICAL ROOTS
. Five rivers bisect the plains.
. The estate is bisected by an irrigation canal.
When you bisect an angle of 90°, two 45° angles are produced.
. Bisecting an irregular area precisely is difficult.
. Our school has a bilateral antismoking campaign that encourages
smokers to quit and warns nonsmokers never to start.
. Poland, Latvia, and Estonia entered into a bilateral alliance.
. In bilateral discussions, both union and management agreed to
compromise their demands.
. The two cousins worked out a bilateral arrangement to share the
family sailboat on alternate weekends."
356523e021dcc9ba,es,"paoep a Fill in each blank with the most appropriate word from Lesson 1. Use a word or any of its forms only once. 1. Queen Liliuokalani, the nineteenth-century of the Hawaiian Islands, wrote the famous song “Aloha Oe.” In The Odyssey, banquet guests listen in silent fascination to the hero Odysseus’s about his adventurous return from the Trojan War. A handkerchief with the M.M. was found at the scene of the crime. Since everyone loves to skate, the vote to hold our class party at the rink was The committee said that it wanted to refrain from action and therefore hoped the disputing parties could resolve the conflict among themselves. The neighbors made a agreement to pay equally to build a fence between their two houses. The Republican senators’ willingness to work with the Democrats indicates their approach to solving problems. Although it contains two separate apartments, the building did not appear on the outside to bea",,classical-roots,classical-roots-vocabulary-from-classical-roots-ocr,9,24,generic,generic-line-parser.v1,needs_review,,"es
paoep a
Fill in each blank with the most appropriate word from Lesson 1. Use a
word or any of its forms only once.
1. Queen Liliuokalani, the nineteenth-century
of the Hawaiian Islands, wrote the famous song “Aloha Oe.”
In The Odyssey, banquet guests listen in silent fascination to the hero
Odysseus’s about his adventurous
return from the Trojan War.
A handkerchief with the M.M. was
found at the scene of the crime.
Since everyone loves to skate, the vote to hold our class party at the
rink was
The committee said that it wanted to refrain from
action and therefore hoped the disputing parties could resolve the
conflict among themselves.
The neighbors made a agreement to
pay equally to build a fence between their two houses.
The Republican senators’ willingness to work with the Democrats
indicates their approach to solving
problems.
Although it contains two separate apartments, the building did not
appear on the outside to bea"
ed76387ce0755b6d,triptych,Gallia est omnis divisa in partes tres. All Gaul is divided into three parts.—JULIUS CAESAR,,classical-roots,classical-roots-vocabulary-from-classical-roots-ocr,10,25,generic,generic-line-parser.v1,needs_review,,"triptych
Gallia est omnis divisa in partes tres.
All Gaul is divided into three parts.—JULIUS CAESAR"
a4cd9968968a0455,Key Words,"bicentennial decimate quatrain centenary quadrant trilogy centigrade quartet trisect decathlon triumvirate TRI <G. “three” TRES <L. “three” 1. QUARTUS <L. “fourth” trilogy (tril’a jé) [logos <G. “word,” “speech”] n. A group of three literary or musical works that have a related theme. The Lord of the Rings, Tolkien’s popular trilogy, contains these novels: The Fellowship of the Ring, The Two Towers, and The Return of the King. trisect (tri’sékt, tri sékt’) [secare<L. “to cut”] tr. v. To divide into three parts.",,classical-roots,classical-roots-vocabulary-from-classical-roots-ocr,10,26,generic,generic-line-parser.v1,needs_review,,"Key Words
bicentennial decimate quatrain
centenary quadrant trilogy
centigrade quartet trisect
decathlon triumvirate
TRI <G. “three”
TRES <L. “three”
1.
QUARTUS <L. “fourth”
trilogy (tril’a jé) [logos <G. “word,” “speech”]
n. A group of three literary or musical works that have a related
theme.
The Lord of the Rings, Tolkien’s popular trilogy, contains these novels:
The Fellowship of the Ring, The Two Towers, and The Return of the King.
trisect (tri’sékt, tri sékt’) [secare<L. “to cut”]
tr. v. To divide into three parts."
a7029e052e4687b0,The two freeways trisected the once,united community into three sepa-,,classical-roots,classical-roots-vocabulary-from-classical-roots-ocr,10,27,generic,generic-line-parser.v1,needs_review,,The two freeways trisected the once-united community into three sepa-
04f3115b8ebca616,square,. quartet (kwdr tét’),,classical-roots,classical-roots-vocabulary-from-classical-roots-ocr,11,28,generic,generic-line-parser.v1,needs_review,,"square
. quartet (kwdr tét’)"
b19828188cf24109,quatrefoil,"2. An early machine for measuring altitudes. Although primitive, the quadrant enabled explorers to take accurate measurements. 3. Any of the four parts of an area divided by perpendicular lines. Rescuers divided the forest into quadrants and searched each thoroughly for survivors. n. 1. A musical composition for four voices or instruments. Most operas contain a quartet for two women (a soprano and an alto) and two men (a tenor and a bass). 2. A set of four, especially of four musicians. During the complicated heart operation, a quartet of surgeons worked for ten hours. . quatrain (kw6t’ran’, kw6’tran’) n. A stanza or group of four lines of poetry. Most nursery rhymes, like “Little Bo Peep Has Lost Her Sheep,” are written in quatrains.",,classical-roots,classical-roots-vocabulary-from-classical-roots-ocr,11,29,generic,generic-line-parser.v1,needs_review,,"quatrefoil
2. An early machine for measuring altitudes.
Although primitive, the quadrant enabled explorers to take accurate
measurements.
3. Any of the four parts of an area divided by perpendicular lines.
Rescuers divided the forest into quadrants and searched each
thoroughly for survivors.
n. 1. A musical composition for four voices
or instruments.
Most operas contain a quartet for two
women (a soprano and an alto) and two men
(a tenor and a bass).
2. A set of four, especially of four
musicians.
During the complicated heart operation,
a quartet of surgeons worked for ten hours.
. quatrain (kw6t’ran’, kw6’tran’)
n. A stanza or group of four lines of poetry.
Most nursery rhymes, like “Little Bo Peep Has Lost Her Sheep,” are
written in quatrains."
4d40e96d31c5048b,NOTA BENE,Pente and quinque are both roots that mean “five.” They,,classical-roots,classical-roots-vocabulary-from-classical-roots-ocr,11,30,generic,generic-line-parser.v1,needs_review,,NOTA BENE: Pente and quinque are both roots that mean “five.” They
f6967308c52023ff,Combined with the root,"ginta, which means “ten times,” they",,classical-roots,classical-roots-vocabulary-from-classical-roots-ocr,11,31,generic,generic-line-parser.v1,needs_review,,"Combined with the root -ginta, which means “ten times,” they"
e1533c23e5e20f86,centime,"DECEM <L. “ten” ie decimate (dés’a mat) tr.v. 1. To destroy a large part of. European diseases like measles decimated Native American popula- tions because they had no immunity. 2. To kill one in every ten. To punish a legion that had shown cowardice, the Roman army some- times decimated soldiers of all ranks on the basis of a lottery. decimation, 7. decathlon (di kath’len, di kath’lén) [athlon <G. “contest”] n. An athletic contest in which each contestant takes part in ten events. The winner of the Olympic decathlon can be considered",,classical-roots,classical-roots-vocabulary-from-classical-roots-ocr,12,32,generic,generic-line-parser.v1,needs_review,,"centime
DECEM <L. “ten”
ie decimate (dés’a mat)
tr.v. 1. To destroy a large part of.
European diseases like measles decimated Native American popula-
tions because they had no immunity.
2. To kill one in every ten.
To punish a legion that had shown cowardice, the Roman army some-
times decimated soldiers of all ranks on the basis of a lottery.
decimation, 7.
decathlon (di kath’len, di kath’lén) [athlon <G. “contest”]
n. An athletic contest in which each contestant takes
part in ten events.
The winner of the Olympic decathlon can be considered"
a05a27f7b8179857,an all,around athlete.,,classical-roots,classical-roots-vocabulary-from-classical-roots-ocr,12,33,generic,generic-line-parser.v1,needs_review,,an all-around athlete.
d579ccaeeed684ed,NOTA BENE,Several Olympic competitions combine several sports.,,classical-roots,classical-roots-vocabulary-from-classical-roots-ocr,12,34,generic,generic-line-parser.v1,needs_review,,NOTA BENE: Several Olympic competitions combine several sports.
022ed302672faf8a,In the biathlon athletes compete in two sports,cross-country skiing,,classical-roots,classical-roots-vocabulary-from-classical-roots-ocr,12,35,generic,generic-line-parser.v1,needs_review,,In the biathlon athletes compete in two sports: cross-country skiing
15463cbaf9fc4928,VOCABULARY FROM CLASSICAL ROOTS,"11. centigrade (sén’ti grad’) [gradus<L. “step”] adj. Referring to a thermometer scale of 100 degrees where water freezes at 0° and boils at 100°. Although most Americans continue to use the Fahrenheit scale where water freezes at 32° and boils at 212°, scientists use the centigrade scale because it makes calculations easier. Circle the letter of the best SYNONYM (the word or phrase most nearly",,classical-roots,classical-roots-vocabulary-from-classical-roots-ocr,13,36,generic,generic-line-parser.v1,needs_review,,"VOCABULARY FROM CLASSICAL ROOTS
11. centigrade (sén’ti grad’) [gradus<L. “step”]
adj. Referring to a thermometer scale of 100
degrees where water freezes at 0° and boils at
100°.
Although most Americans continue to use the
Fahrenheit scale where water freezes at 32° and
boils at 212°, scientists use the centigrade scale
because it makes calculations easier.
Circle the letter of the best SYNONYM (the word or phrase most nearly"
3a41e4dc5803d523,the same as the word in bold,faced type).,,classical-roots,classical-roots-vocabulary-from-classical-roots-ocr,13,37,generic,generic-line-parser.v1,needs_review,,the same as the word in bold-faced type).
ce74f0254946b3e7,NOTA BENE,"The following exercise is an analogy, a statement of relation-",,classical-roots,classical-roots-vocabulary-from-classical-roots-ocr,15,38,generic,generic-line-parser.v1,needs_review,,"NOTA BENE: The following exercise is an analogy, a statement of relation-"
2727f085ae09faba,penny,dime :: 1 : 10,,classical-roots,classical-roots-vocabulary-from-classical-roots-ocr,15,39,generic,generic-line-parser.v1,needs_review,,penny : dime :: 1 : 10
9eb0151e9e1a1a27,monarch,Queen Elizabeth II ::,,classical-roots,classical-roots-vocabulary-from-classical-roots-ocr,15,40,generic,generic-line-parser.v1,needs_review,,monarch : Queen Elizabeth II ::
a1fefd0b1dcce618,one,monopoly,,classical-roots,classical-roots-vocabulary-from-classical-roots-ocr,15,41,generic,generic-line-parser.v1,needs_review,,one : monopoly
112480534dc4d6ab,decimate,hundred,,classical-roots,classical-roots-vocabulary-from-classical-roots-ocr,15,42,generic,generic-line-parser.v1,needs_review,short_definition,decimate : hundred
064b2ab2fde3a4f3,triumvirate,three,,classical-roots,classical-roots-vocabulary-from-classical-roots-ocr,15,43,generic,generic-line-parser.v1,needs_review,short_definition,triumvirate : three
856281365d5583ab,tri,bi,,classical-roots,classical-roots-vocabulary-from-classical-roots-ocr,15,44,generic,generic-line-parser.v1,needs_review,short_definition,tri: bi
1c8645fce146f130,unus,one,,classical-roots,classical-roots-vocabulary-from-classical-roots-ocr,15,45,generic,generic-line-parser.v1,needs_review,short_definition,unus : one
60533c375a6b79f9,quartus,fifth,,classical-roots,classical-roots-vocabulary-from-classical-roots-ocr,15,46,generic,generic-line-parser.v1,needs_review,short_definition,quartus : fifth
36e6b43e1702cc2a,unus,monos,,classical-roots,classical-roots-vocabulary-from-classical-roots-ocr,15,47,generic,generic-line-parser.v1,needs_review,short_definition,unus : monos
9daf3f39f67c9782,neighbors,c. amember ofa triumvirate plotting to get rid of the other two d. a member of a quartet who feels superior to the other three,,classical-roots,classical-roots-vocabulary-from-classical-roots-ocr,16,48,generic,generic-line-parser.v1,needs_review,,"neighbors
c. amember ofa triumvirate plotting to get rid of the other two
d. a member of a quartet who feels superior to the other three"
7848f1a617d892a4,Pan,American,,classical-roots,classical-roots-vocabulary-from-classical-roots-ocr,17,49,generic,generic-line-parser.v1,needs_review,,Pan-American
5a1ef27d3485e885,panorama,16 All or Nothing Omne corpus mutabile est. Every object is subject to change.—CICERO,,classical-roots,classical-roots-vocabulary-from-classical-roots-ocr,17,50,generic,generic-line-parser.v1,needs_review,,"panorama
16
All or Nothing
Omne corpus mutabile est.
Every object is subject to change.—CICERO"
75460fde520c5fc0,Key Words,catholic omnipresent cloister omnivorous holocaust panacea,,classical-roots,classical-roots-vocabulary-from-classical-roots-ocr,17,51,generic,generic-line-parser.v1,needs_review,,"Key Words
catholic omnipresent
cloister omnivorous
holocaust panacea"
cfd144f3f4bd5d0d,totalitarian,"PAN <G. “all” 1. pandemonium (pan° do m0’né om) [daimon <G. “divine power”] n. Uproar. Pandemonium threatens to break out after Julius Caesar is assassinated on the ides of March, but in Shakespeare's play Brutus calms the murderous senators.",,classical-roots,classical-roots-vocabulary-from-classical-roots-ocr,17,52,generic,generic-line-parser.v1,needs_review,,"totalitarian
PAN <G. “all”
1. pandemonium (pan° do m0’né om)
[daimon <G. “divine power”]
n. Uproar.
Pandemonium threatens to break out after
Julius Caesar is assassinated on the ides of
March, but in Shakespeare's play Brutus
calms the murderous senators."
84174cbd9a38fb20,holograph,"2. panacea (pan‘o sé’a) [akos<G. “cure”] n. A cure-all for diseases or troubles. Some politicians seem to regard tax cuts as a panacea for economic problems. OMNIS <L. “all” 3. omnipotent (6m nip’a tant) [potens <L. posse, “to be able”] adj. Having unlimited power; all-powerful. To the ancient British tribes the invading Roman army seemed omnipotent. omnipotence, 7.; the Omnipotent, n.; omnipotently, adv. 4. omnipresent (6m‘ni préz’ont) adj. Present everywhere. At harvest time the smell of garlic is omnipresent in Gilroy, California, “the garlic capital of America.” 5. omnivorous (6m niv’er as) [vorare<L. “to devour”] adj. 1. Feeding on both plants and meat. Human beings are omnivorous, though many choose to be vegetarians. 2. Devouring everything, especially intellectually. She is such an omnivorous reader she has already read all of the library's biographies, science fiction, and sports magazines. omnivore, 7.; omnivorously, adv.; omnivorousness, 7. HOLOS <G. “whole” 6. catholic (kath’o lik, kath’lik) [kata-<G. “according to”] adj. 1. Universal; including most things. Her wide travels reflect her catholic tastes. 2. (capitalized) Referring to the Roman Catholic church. Spain is a predominantly Catholic country. catholic, n.; catholically, adv.",,classical-roots,classical-roots-vocabulary-from-classical-roots-ocr,18,53,generic,generic-line-parser.v1,needs_review,,"holograph
2. panacea (pan‘o sé’a) [akos<G. “cure”]
n. A cure-all for diseases or troubles.
Some politicians seem to regard tax cuts as a panacea for economic
problems.
OMNIS <L. “all”
3. omnipotent (6m nip’a tant)
[potens <L. posse, “to be able”]
adj. Having unlimited power; all-powerful.
To the ancient British tribes the invading
Roman army seemed omnipotent.
omnipotence, 7.; the Omnipotent, n.; omnipotently, adv.
4. omnipresent (6m‘ni préz’ont)
adj. Present everywhere.
At harvest time the smell of garlic is omnipresent in Gilroy, California,
“the garlic capital of America.”
5. omnivorous (6m niv’er as) [vorare<L. “to devour”]
adj. 1. Feeding on both plants and meat.
Human beings are omnivorous, though many choose to be vegetarians.
2. Devouring everything, especially intellectually.
She is such an omnivorous reader she has already read all of the
library's biographies, science fiction, and sports magazines.
omnivore, 7.; omnivorously, adv.; omnivorousness, 7.
HOLOS <G. “whole”
6. catholic (kath’o lik, kath’lik) [kata-<G. “according to”]
adj. 1. Universal; including most things.
Her wide travels reflect her catholic tastes.
2. (capitalized) Referring to the Roman Catholic church.
Spain is a predominantly Catholic country.
catholic, n.; catholically, adv."
cf3433b952ff1aa4,Challenge Words,cloisonné,,classical-roots,classical-roots-vocabulary-from-classical-roots-ocr,19,54,generic,generic-line-parser.v1,needs_review,,"Challenge Words
cloisonné"
0f5db918494725cd,occlude,"7. holocaust (hd’le kést, hol’a kést)",,classical-roots,classical-roots-vocabulary-from-classical-roots-ocr,19,55,generic,generic-line-parser.v1,needs_review,,"occlude
7. holocaust (hd’le kést, hol’a kést)"
42a76f500fcbce24,VOCABULARY FROM CLASSICAL ROOTS,"[kaustos <G. “burned”] n. 1. A great destruction, especially by fire. After the great 1906 earthquake, a holocaust swept through San Francisco. 2. (capitalized) Murder by the Nazis of over six million Jews and millions of other people in World War II. Most Americans first learned of the extent of the Holocaust when the Nazi concentration camps were liberated at the end of World War Il. holocaustal, adj.; holocaustic, adj. TOTUS <L. “whole” 8. totalitarian (to tal’i tar’é an) [total + (author) itarian] adj. Referring to a form of government in which one person or party holds absolute control. Under Joseph Stalin the Soviet Union became a totalitarian state. totalitarianism, 7. CLAUDO, CLAUDERE, CLAUSI, CLAUSUM <L. “to close” 9. cloister (kloi’star) n. 1. A covered walk along the inside walls of a building, usually looking out on a courtyard. The cloister of the country house provided a welcome protection from the tropical sun. 2. A monastery or similar place of religious - seclusion. During the Reformation many cloisters were closed and their monks or nuns dispersed. tr. v. To seclude as in a monastery. To protect their children from the Black Plague, the parents cloistered them in an isolated village. cloistered, adj.",,classical-roots,classical-roots-vocabulary-from-classical-roots-ocr,19,56,generic,generic-line-parser.v1,needs_review,,"VOCABULARY FROM CLASSICAL ROOTS
[kaustos <G. “burned”]
n. 1. A great destruction, especially by fire.
After the great 1906 earthquake, a holocaust
swept through San Francisco.
2. (capitalized) Murder by the Nazis of
over six million Jews and millions of
other people in World War II.
Most Americans first learned of the extent of
the Holocaust when the Nazi concentration
camps were liberated at the end of World
War Il.
holocaustal, adj.; holocaustic, adj.
TOTUS <L. “whole”
8. totalitarian (to tal’i tar’é an) [total + (author) itarian]
adj. Referring to a form of government in which one person or
party holds absolute control.
Under Joseph Stalin the Soviet Union became a totalitarian state.
totalitarianism, 7.
CLAUDO, CLAUDERE, CLAUSI, CLAUSUM <L. “to close”
9. cloister (kloi’star)
n. 1. A covered walk along the inside walls of a
building, usually looking out on a courtyard.
The cloister of the country house provided a
welcome protection from the tropical sun.
2. A monastery or similar place of religious -
seclusion.
During the Reformation many cloisters were closed and their monks or
nuns dispersed.
tr. v. To seclude as in a monastery.
To protect their children from the Black Plague, the parents cloistered
them in an isolated village.
cloistered, adj."
9dbc52126519b906,the same as the word in bold,faced type).,,classical-roots,classical-roots-vocabulary-from-classical-roots-ocr,20,57,generic,generic-line-parser.v1,needs_review,,the same as the word in bold-faced type).
676c89f4f6463604,opposite the word in bold,faced type).,,classical-roots,classical-roots-vocabulary-from-classical-roots-ocr,20,58,generic,generic-line-parser.v1,needs_review,,opposite the word in bold-faced type).
3de51c36e595cf2e,Don’t cloister your emotions,express what you feel.,,classical-roots,classical-roots-vocabulary-from-classical-roots-ocr,21,59,generic,generic-line-parser.v1,needs_review,,Don’t cloister your emotions: express what you feel.
785f2df62f586889,An old,fashioned barbecue requires holocausting an entire cow,,classical-roots,classical-roots-vocabulary-from-classical-roots-ocr,21,60,generic,generic-line-parser.v1,needs_review,,An old-fashioned barbecue requires holocausting an entire cow
98568717c929c3c6,as a twelve-year,old Jewish boy in a Nazi concentration camp.,,classical-roots,classical-roots-vocabulary-from-classical-roots-ocr,22,61,generic,generic-line-parser.v1,needs_review,,as a twelve-year-old Jewish boy in a Nazi concentration camp.
7140d75e8d436f30,Key Words,annihilate negate renegade aperture nihilism vacuous inception overt vanity incipient vaunt,,classical-roots,classical-roots-vocabulary-from-classical-roots-ocr,22,62,generic,generic-line-parser.v1,needs_review,,"Key Words
annihilate negate renegade
aperture nihilism vacuous
inception overt vanity
incipient vaunt"
bedd6488c8c748b3,incipit,"INCIPIO, INCIPERE, INCEPI, INCEPTUM <L. “to begin” 1. inception (in sép’shon) n. The beginning of something. Since the inception of a vaccine for polio, that disease has almost dis- appeared from the earth. 2. incipient (in sip’é ont) adj. In its early stages; beginning. A sore throat and runny nose are the symptoms of an incipient cold. incipiently, adv.",,classical-roots,classical-roots-vocabulary-from-classical-roots-ocr,22,63,generic,generic-line-parser.v1,needs_review,,"incipit
INCIPIO, INCIPERE, INCEPI, INCEPTUM <L. “to begin”
1. inception (in sép’shon)
n. The beginning of something.
Since the inception of a vaccine for polio, that disease has almost dis-
appeared from the earth.
2. incipient (in sip’é ont)
adj. In its early stages; beginning.
A sore throat and runny nose are the
symptoms of an incipient cold.
incipiently, adv."
c0d65466198fe773,VOCABULARY FROM CLASSICAL ROOTS,"NIHIL <L. “nothing” 3. annihilate (e ni’o lat’) [an=ad<L. “to”] tr. v. To destroy completely. During the radio broadcast of The War of the Worlds, thousands of listeners thought Martians were about to annihilate New Jersey. annihilable, adj.; annihilation, 7.; annihilator, 7.",,classical-roots,classical-roots-vocabulary-from-classical-roots-ocr,23,64,generic,generic-line-parser.v1,needs_review,,"VOCABULARY FROM CLASSICAL ROOTS
NIHIL <L. “nothing”
3. annihilate (e ni’o lat’) [an=ad<L. “to”]
tr. v. To destroy completely.
During the radio broadcast of The War of the Worlds, thousands of
listeners thought Martians were about to annihilate New Jersey.
annihilable, adj.; annihilation, 7.; annihilator, 7."
1ca46d521b954155,Synonym,decimate,,classical-roots,classical-roots-vocabulary-from-classical-roots-ocr,23,65,generic,generic-line-parser.v1,needs_review,,Synonym: decimate
47ef47b900d82141,voting age at twenty,one or older.,,classical-roots,classical-roots-vocabulary-from-classical-roots-ocr,23,66,generic,generic-line-parser.v1,needs_review,,voting age at twenty-one or older.
d2af3c1a018c309e,Challenge Word,"apéritif Educators often criticize television cartoons for kids as vacuous enter- tainment. vacuity, 7. vanity (van’i té) n. 1. Conceit, especially about one’s appearance. Despite the vanity of the Spanish royal family, Francisco Goya painted their portraits showing all their physical and moral shortcomings. 2. Something worthless or useless. Buddhism teaches that human ambitions are vanity. 3. A dressing table. A vanity usually has an attached mirror and many drawers. vaunt (vOnt, vont) tr. v. To boast; to brag about. Gracious winners do not vaunt their victories. n. A boast. Parents’ vaunts about their possessions often embarrass their children. vaunted, adj. APERIO, APERIRE, APERUI, APERTUM <L. “to open” 10. aperture (Ap’or chor) 11. n. An opening, especially one that admits light. The photographer adjusted the aperture of the lens to let in more light. overt (6 vart’, o’vart’) adj. Done or shown openly. Their overt hostility gave us little hope for a reconciliation. overtly, adv.",,classical-roots,classical-roots-vocabulary-from-classical-roots-ocr,24,67,generic,generic-line-parser.v1,needs_review,,"Challenge Word
apéritif
Educators often criticize television cartoons for kids as vacuous enter-
tainment.
vacuity, 7.
vanity (van’i té)
n. 1. Conceit, especially about one’s appearance.
Despite the vanity of the Spanish royal
family, Francisco Goya painted their
portraits showing all their physical and
moral shortcomings.
2. Something worthless or useless.
Buddhism teaches that human ambitions are
vanity.
3. A dressing table.
A vanity usually has an attached mirror and
many drawers.
vaunt (vOnt, vont)
tr. v. To boast; to brag about.
Gracious winners do not vaunt their victories.
n. A boast.
Parents’ vaunts about their possessions often embarrass their children.
vaunted, adj.
APERIO, APERIRE, APERUI,
APERTUM <L. “to open”
10. aperture (Ap’or chor)
11.
n. An opening, especially one that admits
light.
The photographer adjusted the aperture of the
lens to let in more light.
overt (6 vart’, o’vart’)
adj. Done or shown openly.
Their overt hostility gave us little hope for a reconciliation.
overtly, adv."
51013cf986efd1aa,nearly the same as the word in bold,faced type).,,classical-roots,classical-roots-vocabulary-from-classical-roots-ocr,25,68,generic,generic-line-parser.v1,needs_review,,nearly the same as the word in bold-faced type).
81600b508b4c5745,in bold,faced type).,,classical-roots,classical-roots-vocabulary-from-classical-roots-ocr,25,69,generic,generic-line-parser.v1,needs_review,,in bold-faced type).
9eb6358b985aaaca,The research of Polish astronomer Copernicus negated the long,held theory that,,classical-roots,classical-roots-vocabulary-from-classical-roots-ocr,25,70,generic,generic-line-parser.v1,needs_review,,The research of Polish astronomer Copernicus negated the long-held theory that
9025772132535799,ao,o,,classical-roots,classical-roots-vocabulary-from-classical-roots-ocr,25,71,generic,generic-line-parser.v1,needs_review,short_definition,"ao
o"
12eb4bb1834621c1,pandemonium,uproar ::,,classical-roots,classical-roots-vocabulary-from-classical-roots-ocr,27,72,generic,generic-line-parser.v1,needs_review,,pandemonium : uproar ::
5e00f717f5fec9f6,claudere,aperire ::,,classical-roots,classical-roots-vocabulary-from-classical-roots-ocr,27,73,generic,generic-line-parser.v1,needs_review,,claudere : aperire ::
562931cf41f04a74,nihil,omnis,,classical-roots,classical-roots-vocabulary-from-classical-roots-ocr,27,74,generic,generic-line-parser.v1,needs_review,short_definition,nihil : omnis
874dbedb90e003b2,microwave,"More or Less Satis eloquentiae, sapientiae parum. Enough eloquence, too little wisdom.",,classical-roots,classical-roots-vocabulary-from-classical-roots-ocr,28,75,generic,generic-line-parser.v1,needs_review,,"microwave
More or Less
Satis eloquentiae, sapientiae parum.
Enough eloquence, too little wisdom."
6506e7b8550f5c2b,Key Words,attenuate microbe comply microcosm expletive minuscule,,classical-roots,classical-roots-vocabulary-from-classical-roots-ocr,28,76,generic,generic-line-parser.v1,needs_review,,"Key Words
attenuate microbe
comply microcosm
expletive minuscule"
48efc2574ecf4190,tenuous,"MIKROS <G. “small” 1. microbe (mi’kr6b) [bios <G. “life”] n. An organism invisible to the naked eye, especially one that causes disease. Malaria is caused by a microbe that can be transmitted by the bite of certain mosquitoes. 27",,classical-roots,classical-roots-vocabulary-from-classical-roots-ocr,28,77,generic,generic-line-parser.v1,needs_review,,"tenuous
MIKROS <G. “small”
1. microbe (mi’kr6b) [bios <G. “life”]
n. An organism invisible to the naked
eye, especially one that causes disease.
Malaria is caused by a microbe that can be
transmitted by the bite of certain mosquitoes.
27"
2f200c42004733ba,VOCABULARY FROM CLASSICAL ROOTS,"microcosm (mi’kro k6z’am) [kosmos<G. “universe” n. A miniature world; something that resembles something else on a very small scale. A school community is a microcosm of the whole society in which it exists. microcosmic, adj. MINUO, MINUERE, MINUI, MINUTUM <L. “to lessen” MINUS <L. “less” 3. TENUO, TENUARE, TENUAVI, TENUATUM <L. “to make thin” TENUIS <L. “thin” 5. . tenuous (tén’yoo as) minuscule (min’a skyodol’) adj. Extremely small. The dollhouse was furnished in every detail, including minuscule silver- ware and napkin rings. minutia (mi n0do’shé 9, mi ndo’sho, mi nydo’sho;",,classical-roots,classical-roots-vocabulary-from-classical-roots-ocr,29,78,generic,generic-line-parser.v1,needs_review,,"VOCABULARY FROM CLASSICAL ROOTS
microcosm (mi’kro k6z’am) [kosmos<G. “universe”
n. A miniature world; something that resembles something else on a
very small scale.
A school community is a microcosm of the whole society in which it
exists.
microcosmic, adj.
MINUO, MINUERE, MINUI, MINUTUM <L. “to lessen”
MINUS <L. “less”
3.
TENUO, TENUARE, TENUAVI,
TENUATUM <L. “to make thin”
TENUIS <L. “thin”
5.
. tenuous (tén’yoo as)
minuscule (min’a skyodol’)
adj. Extremely small.
The dollhouse was furnished in every detail, including minuscule silver-
ware and napkin rings.
minutia (mi n0do’shé 9, mi ndo’sho, mi nydo’sho;"
a946f5db2b24bf52,plural minutiae,mi ndo’shé é’),,classical-roots,classical-roots-vocabulary-from-classical-roots-ocr,29,79,generic,generic-line-parser.v1,needs_review,,plural minutiae: mi ndo’shé é’)
7dae8d0224e40b6d,A seemingly insignificant minutia,like a fragment of bone or a pottery,,classical-roots,classical-roots-vocabulary-from-classical-roots-ocr,29,80,generic,generic-line-parser.v1,needs_review,,A seemingly insignificant minutia—like a fragment of bone or a pottery
833c0d8e031adaab,chip,can yield important information at an archeological site.,,classical-roots,classical-roots-vocabulary-from-classical-roots-ocr,29,81,generic,generic-line-parser.v1,needs_review,,chip—can yield important information at an archeological site.
ff95f645d9a78191,plenum,"SATIS <L. “enough” ae 7. satiate (sa’shé at) tr. v. To satisfy an appetite fully; to gratify to excess. During our stay in Italy we satiated ourselves on art, opera, and pasta. satiation, 7.; satiety (so tii té), n. IMPLEO, IMPLERE, IMPLEVI, IMPLETUM <L. “to fill” PLENUS <L. “full” 8. 10. comply (kom pli’) [com=cum<L. intensifier] intr. v. To do as one is asked or ordered. Many historians believe the civil rights movement began in earnest when Rosa Parks refused to comply with the law requiring black people fo sit in the back of the bus. compliance, 7.; compliant, adj.; compliancy, 7. implement (im’plo mont) [im=in<L. intensifier] n. A tool or utensil. Inventor Cyrus McCormick's implement for harvesting grain, the “McCormick reaper,”",,classical-roots,classical-roots-vocabulary-from-classical-roots-ocr,30,82,generic,generic-line-parser.v1,needs_review,,"plenum
SATIS <L. “enough” ae
7. satiate (sa’shé at)
tr. v. To satisfy an appetite fully; to gratify
to excess.
During our stay in Italy we satiated
ourselves on art, opera, and pasta.
satiation, 7.; satiety (so tii té), n.
IMPLEO, IMPLERE, IMPLEVI, IMPLETUM <L. “to fill”
PLENUS <L. “full”
8.
10.
comply (kom pli’) [com=cum<L. intensifier]
intr. v. To do as one is asked or ordered.
Many historians believe the civil rights movement began in earnest when
Rosa Parks refused to comply with the law requiring black people fo sit
in the back of the bus.
compliance, 7.; compliant, adj.; compliancy, 7.
implement (im’plo mont) [im=in<L.
intensifier]
n. A tool or utensil.
Inventor Cyrus McCormick's implement for
harvesting grain, the “McCormick reaper,”"
fea5560283e668c6,revolutionized nineteenth,century agriculture.,,classical-roots,classical-roots-vocabulary-from-classical-roots-ocr,30,83,generic,generic-line-parser.v1,needs_review,,revolutionized nineteenth-century agriculture.
7c5910538336581f,VOCABULARY FROM CLASSICAL ROOTS,"expletive (ék’spli tiv) [ex<L. “out”] n. An exclamation or oath, often obscene. Although we couldn't speak their language, we could tell they were uttering angry expletives at us. expletory, adj. EXERCISE 5A Circle the letter of the best SYNONYM (the word or phrase most",,classical-roots,classical-roots-vocabulary-from-classical-roots-ocr,31,84,generic,generic-line-parser.v1,needs_review,,"VOCABULARY FROM CLASSICAL ROOTS
expletive (ék’spli tiv) [ex<L. “out”]
n. An exclamation or oath, often obscene.
Although we couldn't speak their language, we could tell they were uttering angry
expletives at us.
expletory, adj.
EXERCISE 5A Circle the letter of the best SYNONYM (the word or phrase most"
2632d77eba86ba05,nearly the same as the word in bold,faced type).,,classical-roots,classical-roots-vocabulary-from-classical-roots-ocr,31,85,generic,generic-line-parser.v1,needs_review,,nearly the same as the word in bold-faced type).
ac66ccc668631878,word in bold,faced type).,,classical-roots,classical-roots-vocabulary-from-classical-roots-ocr,31,86,generic,generic-line-parser.v1,needs_review,,word in bold-faced type).
cc80c25f8107c46a,vPaooep,Minuscule particles of frost reflected the sun’s light. . Only a miniscule proportion of students today studies Greek.,,classical-roots,classical-roots-vocabulary-from-classical-roots-ocr,31,87,generic,generic-line-parser.v1,needs_review,,"vPaooep
Minuscule particles of frost reflected the sun’s light.
. Only a miniscule proportion of students today studies Greek."
54830978fe5242ff,Rural Americans often attended a one,room miniscule.,,classical-roots,classical-roots-vocabulary-from-classical-roots-ocr,31,88,generic,generic-line-parser.v1,needs_review,,Rural Americans often attended a one-room miniscule.
517faf4de8645d39,EDUCATORS,PUBLISHING SERVICE 800122515750),,classical-roots,classical-roots-vocabulary-from-classical-roots-ocr,32,89,generic,generic-line-parser.v1,needs_review,,EDUCATORS: PUBLISHING SERVICE 800122515750)
