id,term,definition,example,related_terms,section,category,source_id,source_page,source_order,parser_profile,parser_version,review_status,warnings,raw_entry_text
5079ba5079ac8a57,Lee Mountain,VCR_SB5_EPS2266_cvr_r2.indd 1 9/12/22 8:26 AM,,,,grade-5,grade-5-808059410-vocabulary-from-classical-roots-book-5-grade-5-student-book,1,1,generic,generic-line-parser.v1,needs_review,,"Lee Mountain
VCR_SB5_EPS2266_cvr_r2.indd 1 9/12/22 8:26 AM"
948855dc7d126429,Lee Mountain,5,,,,grade-5,grade-5-808059410-vocabulary-from-classical-roots-book-5-grade-5-student-book,3,2,generic,generic-line-parser.v1,needs_review,short_definition,"Lee Mountain
5
VCR_SB_5_EPS2266_FM_r4.indd 1 9/12/22 10:18 AM"
54493517f632120c,Cover photo,"Erich Lessing/Art Resource, NY",,,,grade-5,grade-5-808059410-vocabulary-from-classical-roots-book-5-grade-5-student-book,4,3,generic,generic-line-parser.v1,needs_review,,"Cover photo: Erich Lessing/Art Resource, NY"
d7fcd2ad125be932,CONTENTS,Preface v,,,Exploring Distant Places 22,grade-5,grade-5-808059410-vocabulary-from-classical-roots-book-5-grade-5-student-book,5,4,generic,generic-line-parser.v1,needs_review,,"CONTENTS
Preface v
Notes on Using Vocabulary from Classical Roots vii
circ as in circulate
cycl as in cyclone
The “one, two, three” prefixes: uni-, bi-, tri-
equ as in equilateral
pend as in pendulum
The “four” prefix: quadr-
trans as in transact
inter as in interval
The “cut” root: sect
terr as in territory
aqua as in aquatic
The “sea” root: marin
astr as in astronomy
tele as in teleconference
The “instrument” root: scope
VCR_SB_5_EPS2266_FM_r4.indd 3 9/12/22 10:18 AM"
2ae69af5fdfaf77d,semi,as in semiconscious,,,Changing Meaning With Prefixes 26,grade-5,grade-5-808059410-vocabulary-from-classical-roots-book-5-grade-5-student-book,6,5,generic,generic-line-parser.v1,needs_review,,semi- as in semiconscious
bacb36ff8ff9a97b,in,as in insignificant,,,Changing Meaning With Prefixes 26,grade-5,grade-5-808059410-vocabulary-from-classical-roots-book-5-grade-5-student-book,6,6,generic,generic-line-parser.v1,needs_review,,in- as in insignificant
442c283f2e294c11,Other spellings of in-,"ig-, il-, im-, ir-",,,Changing Meaning With Prefixes 26,grade-5,grade-5-808059410-vocabulary-from-classical-roots-book-5-grade-5-student-book,6,7,generic,generic-line-parser.v1,needs_review,,"Other spellings of in-: ig-, il-, im-, ir-"
f758848683263b0c,Other negative prefixes,"dis-, non-, un-",,,Changing Meaning With Prefixes 26,grade-5,grade-5-808059410-vocabulary-from-classical-roots-book-5-grade-5-student-book,6,8,generic,generic-line-parser.v1,needs_review,,"Other negative prefixes: dis-, non-, un-"
07edd77877d30970,The noun suffix,ity,,,Creating Order 36,grade-5,grade-5-808059410-vocabulary-from-classical-roots-book-5-grade-5-student-book,6,9,generic,generic-line-parser.v1,needs_review,short_definition,The noun suffix -ity
a450fe6abdfe8444,The noun suffix,ment,,,Cracking Apart 54,grade-5,grade-5-808059410-vocabulary-from-classical-roots-book-5-grade-5-student-book,6,10,generic,generic-line-parser.v1,needs_review,short_definition,The noun suffix -ment
52f26cdb36f25805,The noun suffix,ure,,,Placing The Foundation 58,grade-5,grade-5-808059410-vocabulary-from-classical-roots-book-5-grade-5-student-book,6,11,generic,generic-line-parser.v1,needs_review,short_definition,The noun suffix -ure
2e0bba5ee1c9cb0f,re,as in relate,,,Connecting With Prefixes 62,grade-5,grade-5-808059410-vocabulary-from-classical-roots-book-5-grade-5-student-book,7,12,generic,generic-line-parser.v1,needs_review,,re- as in relate
2fbe55ae37dea200,com,"/con- as in committee, conjunction",,,Connecting With Prefixes 62,grade-5,grade-5-808059410-vocabulary-from-classical-roots-book-5-grade-5-student-book,7,13,generic,generic-line-parser.v1,needs_review,,"com-/con- as in committee, conjunction"
cf484095545a0e70,PREFACE,Vocabulary from Classical Roots® encourages you to look at words as members of families. Just,,,,grade-5,grade-5-808059410-vocabulary-from-classical-roots-book-5-grade-5-student-book,8,14,generic,generic-line-parser.v1,needs_review,,"PREFACE
Vocabulary from Classical Roots® encourages you to look at words as members of families. Just
as members of a human family usually have things in common, so word families often share
similarities. In this book you will get to know groups of words descended from Greek and
Latin. These word families are connected to a concept. The concept of “around,” for example,
is rooted in circ from the Latin word circum. It is easy to see that such words as circle, circular,
and circulation are members of the circ family.
You will notice that most Latin and Greek roots are word parts that usually do not stand
alone. But these parts carry meaning. Learning that meaning will help you understand not
only the words in this book but also many other words that contain these meaningful parts.
For example, when you know that the Latin root struct means “to build,” you know part of
the meaning of structure, reconstruct, and deconstruction.
This book can do more than increase your recognition of words. It can show you that many
words you use today, such as interrupt and astronaut, have ancestry that can be traced back
for centuries. The number of English words descended from Latin and Greek roots is
astronomical, making them seem almost as numerous as the stars."
dfab32ba4ff069b0,vi,VCR_SB_5_EPS2266_FM_r4.indd 6 9/12/22 10:18 AM,,,,grade-5,grade-5-808059410-vocabulary-from-classical-roots-book-5-grade-5-student-book,8,15,generic,generic-line-parser.v1,needs_review,,"vi
VCR_SB_5_EPS2266_FM_r4.indd 6 9/12/22 10:18 AM"
3530deb3ddcd2c12,in,", after the word insomnia, this information appears in brackets: [also derived from Latin",,,,grade-5,grade-5-808059410-vocabulary-from-classical-roots-book-5-grade-5-student-book,9,16,generic,generic-line-parser.v1,needs_review,,"in-, after the word insomnia, this information appears in brackets: [also derived from Latin"
235b74d60f7b9e81,vii,VCR_SB_5_EPS2266_FM_r4.indd 7 9/12/22 10:18 AM,,,,grade-5,grade-5-808059410-vocabulary-from-classical-roots-book-5-grade-5-student-book,9,17,generic,generic-line-parser.v1,needs_review,,"vii
VCR_SB_5_EPS2266_FM_r4.indd 7 9/12/22 10:18 AM"
f63bd2a6337febbe,unicycle,"n. A vehicle with one wheel, usually",,,Going In Circles 3,grade-5,grade-5-808059410-vocabulary-from-classical-roots-book-5-grade-5-student-book,13,18,generic,generic-line-parser.v1,needs_review,,"unicycle
n. A vehicle with one wheel, usually
moved by pedals.
It takes lots of practice to keep your balance
while pedaling a unicycle.
= EXERCISE A: SYNONYMS
Write the letter of the best SYNONYM (the word or phrase with the meaning most nearly"
6073b1647e1b32d8,the same as the word in bold,faced type).,,,Going In Circles 3,grade-5,grade-5-808059410-vocabulary-from-classical-roots-book-5-grade-5-student-book,13,19,generic,generic-line-parser.v1,needs_review,,the same as the word in bold-faced type).
12a56019d7c4f559,a dangerous cyclone,a. accident b. event c. windstorm d. wheel,,,Going In Circles 3,grade-5,grade-5-808059410-vocabulary-from-classical-roots-book-5-grade-5-student-book,13,20,generic,generic-line-parser.v1,needs_review,,"a dangerous cyclone
a. accident b. event c. windstorm d. wheel"
bc9ff5928aa9a87a,a circular route,a. curved b. level c. short d. difficult,,,Going In Circles 3,grade-5,grade-5-808059410-vocabulary-from-classical-roots-book-5-grade-5-student-book,13,21,generic,generic-line-parser.v1,needs_review,,"a circular route
a. curved b. level c. short d. difficult"
7b2311f1c6865295,a two-year cycle,a. job b. journey c. school d. time period,,,Going In Circles 3,grade-5,grade-5-808059410-vocabulary-from-classical-roots-book-5-grade-5-student-book,13,22,generic,generic-line-parser.v1,needs_review,,"a two-year cycle
a. job b. journey c. school d. time period"
5f47de34fea07afc,an electrical circuit,a. circus b. shock c. breaker d. route,,,Going In Circles 3,grade-5,grade-5-808059410-vocabulary-from-classical-roots-book-5-grade-5-student-book,13,23,generic,generic-line-parser.v1,needs_review,,"an electrical circuit
a. circus b. shock c. breaker d. route"
d4e12bba3ffd61e8,to recycle glass,a. collect b. distribute c. fix for reuse d. wash,,,Going In Circles 3,grade-5,grade-5-808059410-vocabulary-from-classical-roots-book-5-grade-5-student-book,13,24,generic,generic-line-parser.v1,needs_review,,"to recycle glass
a. collect b. distribute c. fix for reuse d. wash"
2eea014e1fa3c422,EXERCISE B,MEANING IN CONTEXT,,,Going In Circles 3,grade-5,grade-5-808059410-vocabulary-from-classical-roots-book-5-grade-5-student-book,13,25,generic,generic-line-parser.v1,needs_review,,EXERCISE B: MEANING IN CONTEXT
6ad42e7b56991fda,Members of our local One,Wheel Cyclists Club claim that anyone can learn to ride,,,Going In Circles 3,grade-5,grade-5-808059410-vocabulary-from-classical-roots-book-5-grade-5-student-book,13,26,generic,generic-line-parser.v1,needs_review,,Members of our local One-Wheel Cyclists Club claim that anyone can learn to ride
f2c5b020e20cf8c5,among the long,term members to hear about some interesting and unusual,,,Going In Circles 3,grade-5,grade-5-808059410-vocabulary-from-classical-roots-book-5-grade-5-student-book,13,27,generic,generic-line-parser.v1,needs_review,,among the long-term members to hear about some interesting and unusual
d5c4ad7dbe1dfe41,EXERCISE C,EXTEND YOUR VOCABULARY,,,,grade-5,grade-5-808059410-vocabulary-from-classical-roots-book-5-grade-5-student-book,14,28,generic,generic-line-parser.v1,needs_review,,EXERCISE C: EXTEND YOUR VOCABULARY
1ab44678f9ef19d2,that start with uni,", and they also have a “one” connection. Look at the word unify, which",,,,grade-5,grade-5-808059410-vocabulary-from-classical-roots-book-5-grade-5-student-book,14,29,generic,generic-line-parser.v1,needs_review,,"that start with uni-, and they also have a “one” connection. Look at the word unify, which"
92e7f90e97fabbb4,triplets,VCR_SB_5_EPS2266_int_r2.indd 4 9/12/22 10:41 AM,,,,grade-5,grade-5-808059410-vocabulary-from-classical-roots-book-5-grade-5-student-book,14,30,generic,generic-line-parser.v1,needs_review,,"triplets
VCR_SB_5_EPS2266_int_r2.indd 4 9/12/22 10:41 AM"
40346c86bd3a7faa,Balancing Evenly,"The root equ as in equivalent means “same, even, equal.” The root pend as in suspenders",,,,grade-5,grade-5-808059410-vocabulary-from-classical-roots-book-5-grade-5-student-book,15,31,generic,generic-line-parser.v1,needs_review,,"Balancing Evenly
The root equ as in equivalent means “same, even, equal.” The root pend as in suspenders
means “hanging; weighing in the balance.” In each of the following key words, underline
the root.
dependent equate equidistant pending
equality equator equilateral pendulum
Using ROOT CLUES
The roots equ (same) and pend (hanging) give you clues about meaning. When you spot
one of these roots in a word, you have a key to the word’s meaning. Use the underlined
root clues to help you match the following columns:
1. equidistant A. hanging onto for support
2. pendulum B. same conditions or treatment
3. equality C. same distance
4. dependent D. hanging from a clock
The root clues did not give you complete definitions as the following dictionary listings
will. But they got you started by giving you part of the meaning. Sometimes that part helps
you to figure out the word.
EQU (from the Latin word aequus meaning “same, even, equal”)"
56aaef9f15fafb19,pendulum,"n. A weight, hanging from a point, that",,,Balancing Evenly 7,grade-5,grade-5-808059410-vocabulary-from-classical-roots-book-5-grade-5-student-book,17,32,generic,generic-line-parser.v1,needs_review,,"pendulum
n. A weight, hanging from a point, that
swings an equal distance from side to side;
often used in clocks.
The pendulum in the old clock, swinging in a
regular arc, still kept accurate time.
= EXERCISE A: SYNONYMS
Write the letter of the best SYNONYM (the word or phrase most nearly the same in mean-"
13b55bc2285ac73a,ing as the word in bold,faced type).,,,Balancing Evenly 7,grade-5,grade-5-808059410-vocabulary-from-classical-roots-book-5-grade-5-student-book,17,33,generic,generic-line-parser.v1,needs_review,,ing as the word in bold-faced type).
49443f9fa32fc1d7,an equilateral triangle,a. equal sides b. right angles c. large d. yellow,,,Balancing Evenly 7,grade-5,grade-5-808059410-vocabulary-from-classical-roots-book-5-grade-5-student-book,17,34,generic,generic-line-parser.v1,needs_review,,"an equilateral triangle
a. equal sides b. right angles c. large d. yellow"
8c9665167c5b1eae,a dependent patient,a. giving help b. needing help c. young d. angry,,,Balancing Evenly 7,grade-5,grade-5-808059410-vocabulary-from-classical-roots-book-5-grade-5-student-book,17,35,generic,generic-line-parser.v1,needs_review,,"a dependent patient
a. giving help b. needing help c. young d. angry"
303168ae69b45a3e,working for equality,a. liberty b. getting votes c. voting d. fairness,,,Balancing Evenly 7,grade-5,grade-5-808059410-vocabulary-from-classical-roots-book-5-grade-5-student-book,17,36,generic,generic-line-parser.v1,needs_review,,"working for equality
a. liberty b. getting votes c. voting d. fairness"
e16314df55e4b9b2,the festival dates still pending,a. undecided b. certain c. canceled d. posted,,,Balancing Evenly 7,grade-5,grade-5-808059410-vocabulary-from-classical-roots-book-5-grade-5-student-book,17,37,generic,generic-line-parser.v1,needs_review,,"the festival dates still pending
a. undecided b. certain c. canceled d. posted"
8c8a8be887021cee,to equate the situations,a. describe b. make unfair c. treat as same d. criticize,,,Balancing Evenly 7,grade-5,grade-5-808059410-vocabulary-from-classical-roots-book-5-grade-5-student-book,17,38,generic,generic-line-parser.v1,needs_review,,"to equate the situations
a. describe b. make unfair c. treat as same d. criticize"
e91b5c0c3eaa11af,EXERCISE B,MEANING IN CONTEXT,,,Balancing Evenly 7,grade-5,grade-5-808059410-vocabulary-from-classical-roots-book-5-grade-5-student-book,17,39,generic,generic-line-parser.v1,needs_review,,EXERCISE B: MEANING IN CONTEXT
161602e7cf5ef724,EXERCISE C,EXTEND YOUR VOCABULARY,,,,grade-5,grade-5-808059410-vocabulary-from-classical-roots-book-5-grade-5-student-book,18,40,generic,generic-line-parser.v1,needs_review,,EXERCISE C: EXTEND YOUR VOCABULARY
b8cfef99d8939cae,words that start with quadr,. Answer these questions.,,,,grade-5,grade-5-808059410-vocabulary-from-classical-roots-book-5-grade-5-student-book,18,41,generic,generic-line-parser.v1,needs_review,,words that start with quadr-. Answer these questions.
9bdd821de6232da8,The prefix trans,as in transportation means “across.” The prefix inter- as in intermediate,,,,grade-5,grade-5-808059410-vocabulary-from-classical-roots-book-5-grade-5-student-book,19,42,generic,generic-line-parser.v1,needs_review,,The prefix trans- as in transportation means “across.” The prefix inter- as in intermediate
77604f7a43eded16,The prefixes trans,(across) and inter- (between) give you clues about meaning. When you,,,,grade-5,grade-5-808059410-vocabulary-from-classical-roots-book-5-grade-5-student-book,19,43,generic,generic-line-parser.v1,needs_review,,The prefixes trans- (across) and inter- (between) give you clues about meaning. When you
cf6fcbadbd0d3b76,TRANS,(from Latin meaning “across”),,,,grade-5,grade-5-808059410-vocabulary-from-classical-roots-book-5-grade-5-student-book,19,44,generic,generic-line-parser.v1,needs_review,,TRANS- (from Latin meaning “across”)
f2152f13d9310155,To meddle or take part in other people’s business without,being invited.,,,Moving Across And Between 11,grade-5,grade-5-808059410-vocabulary-from-classical-roots-book-5-grade-5-student-book,21,45,generic,generic-line-parser.v1,needs_review,,"To meddle or take part in other people’s business without
being invited.
Even though I didn’t agree with how my sister was arranging the
room, I didn’t interfere."
1c44e47ec7a23429,intermittent,"adj. Off-and-on, stop-and-start.",,,Moving Across And Between 11,grade-5,grade-5-808059410-vocabulary-from-classical-roots-book-5-grade-5-student-book,21,46,generic,generic-line-parser.v1,needs_review,,"intermittent
adj. Off-and-on, stop-and-start.
The dry fields needed steady rain but received only intermittent
showers."
6821990a815736c3,intersect,"v. To cut or pass through, to cross.","Avenue, and then turn right.",,Moving Across And Between 11,grade-5,grade-5-808059410-vocabulary-from-classical-roots-book-5-grade-5-student-book,21,47,generic,generic-line-parser.v1,needs_review,,"intersect
v. To cut or pass through, to cross.
To get to the zoo, follow this street to where it intersects Carson
Avenue, and then turn right.
intersection, n."
d965671dbd4b5238,interval,n. Time or space between two events or,,,Moving Across And Between 11,grade-5,grade-5-808059410-vocabulary-from-classical-roots-book-5-grade-5-student-book,21,48,generic,generic-line-parser.v1,needs_review,,"interval
n. Time or space between two events or
objects."
daae4e19fcf9a121,Except for a two,day interval when he had,,,Moving Across And Between 11,grade-5,grade-5-808059410-vocabulary-from-classical-roots-book-5-grade-5-student-book,21,49,generic,generic-line-parser.v1,needs_review,,Except for a two-day interval when he had
030aca278e1029bf,the same as the word in bold,faced type).,,,Moving Across And Between 11,grade-5,grade-5-808059410-vocabulary-from-classical-roots-book-5-grade-5-student-book,21,50,generic,generic-line-parser.v1,needs_review,,the same as the word in bold-faced type).
f07eb32f9f8b2c58,lines that intersect,a. cross b. curve c. parallel d. twist,,,Moving Across And Between 11,grade-5,grade-5-808059410-vocabulary-from-classical-roots-book-5-grade-5-student-book,21,51,generic,generic-line-parser.v1,needs_review,,"lines that intersect
a. cross b. curve c. parallel d. twist"
7b39134f8e4bf574,to transfer students,a. teach b. grade c. move d. keep,,,Moving Across And Between 11,grade-5,grade-5-808059410-vocabulary-from-classical-roots-book-5-grade-5-student-book,21,52,generic,generic-line-parser.v1,needs_review,,"to transfer students
a. teach b. grade c. move d. keep"
2524e7772d29d04a,a blood transfusion,a. spot b. loss c. clot d. transfer,,,Moving Across And Between 11,grade-5,grade-5-808059410-vocabulary-from-classical-roots-book-5-grade-5-student-book,21,53,generic,generic-line-parser.v1,needs_review,,"a blood transfusion
a. spot b. loss c. clot d. transfer"
245b1f09108085b3,to interfere in,a. perform b. sing c. meddle d. speak,,,Moving Across And Between 11,grade-5,grade-5-808059410-vocabulary-from-classical-roots-book-5-grade-5-student-book,21,54,generic,generic-line-parser.v1,needs_review,,"to interfere in
a. perform b. sing c. meddle d. speak"
ab89fc79d610ea52,to transact business,a. do b. lose c. look for d. miss,,,Moving Across And Between 11,grade-5,grade-5-808059410-vocabulary-from-classical-roots-book-5-grade-5-student-book,21,55,generic,generic-line-parser.v1,needs_review,,"to transact business
a. do b. lose c. look for d. miss
VCR_SB_5_EPS2266_int_r2.indd 11 9/12/22 10:41 AM"
b56e0461283c6c9f,EXERCISE B,MEANING IN CONTEXT,,,,grade-5,grade-5-808059410-vocabulary-from-classical-roots-book-5-grade-5-student-book,22,56,generic,generic-line-parser.v1,needs_review,,EXERCISE B: MEANING IN CONTEXT
5ef9c5f9cca284b5,EXERCISE C,EXTEND YOUR VOCABULARY,,,,grade-5,grade-5-808059410-vocabulary-from-classical-roots-book-5-grade-5-student-book,22,57,generic,generic-line-parser.v1,needs_review,,EXERCISE C: EXTEND YOUR VOCABULARY
646e1d060d5f3f59,EXERCISE A,MATCHING,,,,grade-5,grade-5-808059410-vocabulary-from-classical-roots-book-5-grade-5-student-book,23,58,generic,generic-line-parser.v1,needs_review,,EXERCISE A: MATCHING
98f76c1dfc20736e,unify,13,,,,grade-5,grade-5-808059410-vocabulary-from-classical-roots-book-5-grade-5-student-book,23,59,generic,generic-line-parser.v1,needs_review,short_definition,"unify
13
VCR_SB_5_EPS2266_int_r2.indd 13 9/12/22 10:41 AM"
c6b48baf20754927,EXERCISE B,SORTING,,,,grade-5,grade-5-808059410-vocabulary-from-classical-roots-book-5-grade-5-student-book,24,60,generic,generic-line-parser.v1,needs_review,short_definition,EXERCISE B: SORTING
c16754735f7354dd,recycle,1. CIRC 2. CYCL 3. EQU,,,,grade-5,grade-5-808059410-vocabulary-from-classical-roots-book-5-grade-5-student-book,24,61,generic,generic-line-parser.v1,needs_review,,"recycle
1. CIRC 2. CYCL 3. EQU
4. PEND 5. TRANS- 6. INTER-
VCR_SB_5_EPS2266_int_r2.indd 14 9/12/22 10:41 AM"
c1dcd319be5e58b8,EXERCISE C,VOCABULARY FROM YOUR TEXTBOOKS,,,Reviewing Lessons 1–3 15,grade-5,grade-5-808059410-vocabulary-from-classical-roots-book-5-grade-5-student-book,25,62,generic,generic-line-parser.v1,needs_review,,EXERCISE C: VOCABULARY FROM YOUR TEXTBOOKS
7486fb53b66e660c,When your teacher gives directions for using the new typing program on the,"computer, which word might he use as he describes it?",,,Reviewing Lessons 1–3 15,grade-5,grade-5-808059410-vocabulary-from-classical-roots-book-5-grade-5-student-book,25,63,generic,generic-line-parser.v1,needs_review,,"When your teacher gives directions for using the new typing program on the
computer, which word might he use as he describes it?
VCR_SB_5_EPS2266_int_r2.indd 15 9/12/22 10:41 AM"
3a3dc8f4e55d0d90,EXERCISE D,RHYMING RIDDLES,,,,grade-5,grade-5-808059410-vocabulary-from-classical-roots-book-5-grade-5-student-book,26,64,generic,generic-line-parser.v1,needs_review,,EXERCISE D: RHYMING RIDDLES
78646e41954cf91d,EXERCISE E,WRITING AND DISCUSSION ACTIVITIES,,,,grade-5,grade-5-808059410-vocabulary-from-classical-roots-book-5-grade-5-student-book,26,65,generic,generic-line-parser.v1,needs_review,,EXERCISE E: WRITING AND DISCUSSION ACTIVITIES
52f74be90c9af45c,terrain,n. Land or ground.,,,,grade-5,grade-5-808059410-vocabulary-from-classical-roots-book-5-grade-5-student-book,30,66,generic,generic-line-parser.v1,needs_review,,"terrain
n. Land or ground.
The truck bumped along on the rough
terrain of the field until it reached a
paved road on the other side."
7b30a59f01f3382e,territory,"n. A large area of land, a region; a settlement or colony.",,,,grade-5,grade-5-808059410-vocabulary-from-classical-roots-book-5-grade-5-student-book,30,67,generic,generic-line-parser.v1,needs_review,,"territory
n. A large area of land, a region; a settlement or colony.
In 1803 the United States purchased the Louisiana Territory, which
added about eight hundred thousand square miles of land to the
country.
= EXERCISE A: SYNONYMS
Write the letter of the best SYNONYM (the word or phrase most nearly the same in mean-"
4f4ecd732964e154,ing as the word in bold,faced type).,,,,grade-5,grade-5-808059410-vocabulary-from-classical-roots-book-5-grade-5-student-book,30,68,generic,generic-line-parser.v1,needs_review,,ing as the word in bold-faced type).
b080eb951019fdf6,subterranean oil,a. expensive b. thick c. underground d. dark,,,,grade-5,grade-5-808059410-vocabulary-from-classical-roots-book-5-grade-5-student-book,30,69,generic,generic-line-parser.v1,needs_review,,"subterranean oil
a. expensive b. thick c. underground d. dark"
f1bbafe0eb41ca0f,an aquaculture business,a. diving b. flying c. hiking d. farming in water,,,,grade-5,grade-5-808059410-vocabulary-from-classical-roots-book-5-grade-5-student-book,30,70,generic,generic-line-parser.v1,needs_review,,"an aquaculture business
a. diving b. flying c. hiking d. farming in water"
a11c77db2c7d5add,a wooden terrace,a. fountain b. outdoor platform c. house d. sign,,,,grade-5,grade-5-808059410-vocabulary-from-classical-roots-book-5-grade-5-student-book,30,71,generic,generic-line-parser.v1,needs_review,,"a wooden terrace
a. fountain b. outdoor platform c. house d. sign"
8169b3bf31513c07,aquatic plants,a. in the air b. on land c. in water d. in caves,,,,grade-5,grade-5-808059410-vocabulary-from-classical-roots-book-5-grade-5-student-book,30,72,generic,generic-line-parser.v1,needs_review,,"aquatic plants
a. in the air b. on land c. in water d. in caves"
af220f24a1168ffe,a large territory,a. region b. ocean c. continent d. river,,,,grade-5,grade-5-808059410-vocabulary-from-classical-roots-book-5-grade-5-student-book,30,73,generic,generic-line-parser.v1,needs_review,,"a large territory
a. region b. ocean c. continent d. river"
45f4872f7fea2043,EXERCISE B,MEANING IN CONTEXT,,,,grade-5,grade-5-808059410-vocabulary-from-classical-roots-book-5-grade-5-student-book,30,74,generic,generic-line-parser.v1,needs_review,,EXERCISE B: MEANING IN CONTEXT
6cbee70cc4202a5f,EXERCISE C,EXTEND YOUR VOCABULARY,,,Looking At Our Planet 21,grade-5,grade-5-808059410-vocabulary-from-classical-roots-book-5-grade-5-student-book,31,75,generic,generic-line-parser.v1,needs_review,,EXERCISE C: EXTEND YOUR VOCABULARY
ce7d49764f5cb7d3,Seawater sometimes seems to have a blue,"green color, which explains the definition of",,,Looking At Our Planet 21,grade-5,grade-5-808059410-vocabulary-from-classical-roots-book-5-grade-5-student-book,31,76,generic,generic-line-parser.v1,needs_review,,"Seawater sometimes seems to have a blue-green color, which explains the definition of"
ce3b997d97889eab,Exploring Distant Places,The root tele as in television means “far away.” The root astr as in astronomer means “star;,,,,grade-5,grade-5-808059410-vocabulary-from-classical-roots-book-5-grade-5-student-book,32,77,generic,generic-line-parser.v1,needs_review,,"Exploring Distant Places
The root tele as in television means “far away.” The root astr as in astronomer means “star;
outer space.” In each of the following key words, underline the root.
astronaut astronomy teleconference telemarketing
astronomical telecast telegraph telescope
Using ROOT CLUES
The roots tele (far) and astr (outer space) give you clues about meaning. When you spot
one of these roots in a word, you have a key to the word’s meaning. Use the underlined
root clues to help you match the following columns:
1. telescope A. selling from afar, not face-to-face
2. astronaut B. science of outer space
3. telemarketing C. traveler in outer space
4. astronomy D. device for seeing far-away objects
The root clues did not give you complete definitions as the following dictionary listings
will. But they got you started by giving you part of the meaning. Sometimes that part helps
you to figure out the word.
TELE (from the Greek word tele meaning “distant; far away”)"
18bcaab304e364a6,EXERCISE B,MEANING IN CONTEXT,,,Exploring Distant Places 25,grade-5,grade-5-808059410-vocabulary-from-classical-roots-book-5-grade-5-student-book,35,78,generic,generic-line-parser.v1,needs_review,,EXERCISE B: MEANING IN CONTEXT
e46f8e98dd7aaad9,EXERCISE C,EXTEND YOUR VOCABULARY,,,Exploring Distant Places 25,grade-5,grade-5-808059410-vocabulary-from-classical-roots-book-5-grade-5-student-book,35,79,generic,generic-line-parser.v1,needs_review,,EXERCISE C: EXTEND YOUR VOCABULARY
a0ef8f35adc34c21,The word telescope has two meaningful parts,tele and scope. You know that tele means “far,,,Exploring Distant Places 25,grade-5,grade-5-808059410-vocabulary-from-classical-roots-book-5-grade-5-student-book,35,80,generic,generic-line-parser.v1,needs_review,,The word telescope has two meaningful parts: tele and scope. You know that tele means “far
684d5c879d29683c,The prefix in,"can mean “not” as in incorrect. The prefix semi- can mean “half” or “partly,” as",,,,grade-5,grade-5-808059410-vocabulary-from-classical-roots-book-5-grade-5-student-book,36,81,generic,generic-line-parser.v1,needs_review,,"The prefix in- can mean “not” as in incorrect. The prefix semi- can mean “half” or “partly,” as"
4167632632235b8c,The prefixes in,(not) and semi- (half) give you clues about meaning. When you spot one of,,,,grade-5,grade-5-808059410-vocabulary-from-classical-roots-book-5-grade-5-student-book,36,82,generic,generic-line-parser.v1,needs_review,,The prefixes in- (not) and semi- (half) give you clues about meaning. When you spot one of
305a49b6c97d9df9,IN,(from Latin meaning “not”),,,Changing Meaning With Prefixes 27,grade-5,grade-5-808059410-vocabulary-from-classical-roots-book-5-grade-5-student-book,37,83,generic,generic-line-parser.v1,needs_review,,IN- (from Latin meaning “not”)
ae309a2a9342496e,SEMI,(from Latin meaning “half or partly”),,,,grade-5,grade-5-808059410-vocabulary-from-classical-roots-book-5-grade-5-student-book,38,84,generic,generic-line-parser.v1,needs_review,,SEMI- (from Latin meaning “half or partly”)
59edc908375c8ca6,a semiprecious stone,a. having the highest value b. having partial value,,,Changing Meaning With Prefixes 29,grade-5,grade-5-808059410-vocabulary-from-classical-roots-book-5-grade-5-student-book,39,85,generic,generic-line-parser.v1,needs_review,,"a semiprecious stone
a. having the highest value b. having partial value
c. having no value d. brand new"
dd4f49b3d3232a35,their semiformal outfits,a. dirty b. patched c. blue d. dressy,,,Changing Meaning With Prefixes 29,grade-5,grade-5-808059410-vocabulary-from-classical-roots-book-5-grade-5-student-book,39,86,generic,generic-line-parser.v1,needs_review,,"their semiformal outfits
a. dirty b. patched c. blue d. dressy"
735e3ed442112cc2,insignificant gossip,a. whispered b. unimportant c. colorful d. loud,,,Changing Meaning With Prefixes 29,grade-5,grade-5-808059410-vocabulary-from-classical-roots-book-5-grade-5-student-book,39,87,generic,generic-line-parser.v1,needs_review,,"insignificant gossip
a. whispered b. unimportant c. colorful d. loud"
a94787d0a4fcc504,a semiconscious state,a. dazed b. alert c. unhappy d. sick,,,Changing Meaning With Prefixes 29,grade-5,grade-5-808059410-vocabulary-from-classical-roots-book-5-grade-5-student-book,39,88,generic,generic-line-parser.v1,needs_review,,"a semiconscious state
a. dazed b. alert c. unhappy d. sick"
4c8b99d472e69486,EXERCISE B,MEANING IN CONTEXT,,,Changing Meaning With Prefixes 29,grade-5,grade-5-808059410-vocabulary-from-classical-roots-book-5-grade-5-student-book,39,89,generic,generic-line-parser.v1,needs_review,,EXERCISE B: MEANING IN CONTEXT
26305a14a6fe3356,EXERCISE C,EXTEND YOUR VOCABULARY,,,Changing Meaning With Prefixes 29,grade-5,grade-5-808059410-vocabulary-from-classical-roots-book-5-grade-5-student-book,39,90,generic,generic-line-parser.v1,needs_review,,EXERCISE C: EXTEND YOUR VOCABULARY
85273c701caed358,Other spellings of the prefix in-,"ig-, il-, im-, ir-",,,Changing Meaning With Prefixes 29,grade-5,grade-5-808059410-vocabulary-from-classical-roots-book-5-grade-5-student-book,39,91,generic,generic-line-parser.v1,needs_review,,"Other spellings of the prefix in-: ig-, il-, im-, ir-"
29e06e86f3915e36,The prefix in,"has several spelling variations, but they all mean “not.” Ignore means not to",,,Changing Meaning With Prefixes 29,grade-5,grade-5-808059410-vocabulary-from-classical-roots-book-5-grade-5-student-book,39,92,generic,generic-line-parser.v1,needs_review,,"The prefix in- has several spelling variations, but they all mean “not.” Ignore means not to"
bfe7765ba4e4f4d4,IG,IL-,,,,grade-5,grade-5-808059410-vocabulary-from-classical-roots-book-5-grade-5-student-book,40,93,generic,generic-line-parser.v1,needs_review,short_definition,IG- IL-
ad3d705ed4fb1187,IM,IR-,,,,grade-5,grade-5-808059410-vocabulary-from-classical-roots-book-5-grade-5-student-book,40,94,generic,generic-line-parser.v1,needs_review,short_definition,IM- IR-
1acf110e01ac585e,EXERCISE A,MATCHING,,,,grade-5,grade-5-808059410-vocabulary-from-classical-roots-book-5-grade-5-student-book,42,95,generic,generic-line-parser.v1,needs_review,,EXERCISE A: MATCHING
668273bc6193e6fb,EXERCISE B,SORTING,,,,grade-5,grade-5-808059410-vocabulary-from-classical-roots-book-5-grade-5-student-book,42,96,generic,generic-line-parser.v1,needs_review,short_definition,EXERCISE B: SORTING
b58d477eddef1740,semiprecious,32,,,,grade-5,grade-5-808059410-vocabulary-from-classical-roots-book-5-grade-5-student-book,42,97,generic,generic-line-parser.v1,needs_review,short_definition,"semiprecious
32
VCR_SB_5_EPS2266_int_r2.indd 32 9/12/22 10:41 AM"
4e67f3b34c647bcd,EXERCISE C,VOCABULARY FROM YOUR TEXTBOOKS,,,,grade-5,grade-5-808059410-vocabulary-from-classical-roots-book-5-grade-5-student-book,44,98,generic,generic-line-parser.v1,needs_review,,EXERCISE C: VOCABULARY FROM YOUR TEXTBOOKS
18076b1ca497ca6d,EXERCISE D,RHYMING RIDDLES,,,,grade-5,grade-5-808059410-vocabulary-from-classical-roots-book-5-grade-5-student-book,44,99,generic,generic-line-parser.v1,needs_review,,EXERCISE D: RHYMING RIDDLES
2ad298b14c19cdcb,EXERCISE E,WRITING AND DISCUSSION ACTIVITIES,,,Reviewing Lessons 5–7 35,grade-5,grade-5-808059410-vocabulary-from-classical-roots-book-5-grade-5-student-book,45,100,generic,generic-line-parser.v1,needs_review,,EXERCISE E: WRITING AND DISCUSSION ACTIVITIES
7a3cc279423ceb14,sleep,"3. Look back at the boxes of Challenge Words on pages 19, 23, 24, 27, and 28. From these",A.,,Reviewing Lessons 5–7 35,grade-5,grade-5-808059410-vocabulary-from-classical-roots-book-5-grade-5-student-book,45,101,generic,generic-line-parser.v1,needs_review,,"sleep
3. Look back at the boxes of Challenge Words on pages 19, 23, 24, 27, and 28. From these
words, choose three to write on the following lines. Try to define each word.
A.
B.
C.
Now look up these three words in the dictionary. Expand (or revise) your definitions on
the following lines.
A.
B.
C.
VCR_SB_5_EPS2266_int_r2.indd 35 9/12/22 10:41 AM"
afa3f43e659c9128,Creating Order,The root civi as in civilize means “relating to citizens.” The root ord as in order means “regular.”,"In each of the following key words, underline the root.",,,grade-5,grade-5-808059410-vocabulary-from-classical-roots-book-5-grade-5-student-book,46,102,generic,generic-line-parser.v1,needs_review,,"Creating Order
The root civi as in civilize means “relating to citizens.” The root ord as in order means “regular.”
In each of the following key words, underline the root.
civics civilian coordinate ordinarily
civil civility extraordinary uncivilized
Using ROOT CLUES
The roots civi (citizen) and ord (regular) give you clues about meaning. When you spot one
of these roots in a word, you have a key to the word’s meaning. Use the underlined root
clues to help you match the following columns:
1. ordinarily A. more than regular
2. uncivilized B. in the regular way
3. extraordinary C. related to life as a citizen
4. civil D. not having the organized life of a citizen
The root clues did not give you complete definitions as the following dictionary listings
will. But they got you started by giving you part of the meaning. Sometimes that part helps
you to figure out the word. In addition, the prefix clues were helpful—un- meaning “not,”"
734e0bb24c390f27,and extra,meaning “more than.”,,,,grade-5,grade-5-808059410-vocabulary-from-classical-roots-book-5-grade-5-student-book,46,103,generic,generic-line-parser.v1,needs_review,,and extra- meaning “more than.”
41cc167ce2ebf283,EXERCISE B,MEANING IN CONTEXT,,,Creating Order 39,grade-5,grade-5-808059410-vocabulary-from-classical-roots-book-5-grade-5-student-book,49,104,generic,generic-line-parser.v1,needs_review,,EXERCISE B: MEANING IN CONTEXT
78e06eca80aff6b0,EXERCISE C,EXTEND YOUR VOCABULARY,,,Creating Order 39,grade-5,grade-5-808059410-vocabulary-from-classical-roots-book-5-grade-5-student-book,49,105,generic,generic-line-parser.v1,needs_review,,EXERCISE C: EXTEND YOUR VOCABULARY
b494337f51e4a928,The noun suffix,ity,,,Creating Order 39,grade-5,grade-5-808059410-vocabulary-from-classical-roots-book-5-grade-5-student-book,49,106,generic,generic-line-parser.v1,needs_review,short_definition,The noun suffix -ity
7e2915c9cd0bf447,All of the nouns in the first column end in the suffix,"ity. On the line, write the adjective",,,Creating Order 39,grade-5,grade-5-808059410-vocabulary-from-classical-roots-book-5-grade-5-student-book,49,107,generic,generic-line-parser.v1,needs_review,,"All of the nouns in the first column end in the suffix -ity. On the line, write the adjective"
903797ee9b2d1e47,creativity,6. Choose two of the nouns and use each one in a sentence.,,,Creating Order 39,grade-5,grade-5-808059410-vocabulary-from-classical-roots-book-5-grade-5-student-book,49,108,generic,generic-line-parser.v1,needs_review,,"creativity
6. Choose two of the nouns and use each one in a sentence.
VCR_SB_5_EPS2266_int_r2.indd 39 9/12/22 10:41 AM"
7f931aaa18ac9f31,Science,The root metr/meter as in metric means “measurement.” The root therm as in thermos means,,with;Root;n.;A;line;passing;through;the;center;of;a;circle;from;one;side;METR/METER;to;the;other.;meter;Kylie;created;two;semicircles;by;drawing;the;diameter;through;the;metric;circle.;40;VCR_SB_5_EPS2266_int_r2.indd;40;9/12/22;10:41;AM,0,grade-5,grade-5-808059410-vocabulary-from-classical-roots-book-5-grade-5-student-book,50,109,generic,generic-line-parser.v1,needs_review,,"Science
The root metr/meter as in metric means “measurement.” The root therm as in thermos means
“heat.” In each of the following key words, underline the root.
diameter metronome symmetrical thermometer
geometry perimeter thermal thermostat
Using ROOT CLUES
The roots metr/meter (measurement) and therm (heat) give you clues about meaning. When
you spot one of these roots in a word, you have a key to the word’s meaning. Use the
underlined root clues to help you match the following columns:
1. thermal A. measurement of outside boundary
2. perimeter B. having to do with heat
3. thermostat C. the study of the measurement of shapes
4. geometry D. device for controlling heat
The root clues did not give you complete definitions as the following dictionary listings
will. But they got you started by giving you part of the meaning. Sometimes that part helps
you to figure out the word.
METR/METER (from the Greek word metron meaning “measure”)
1. diameter (dœ a ` mÆ tÆr) [also derived from Greek dia meaning"
55e6b1601ecce552,EXERCISE C,EXTEND YOUR VOCABULARY,,,Measuring In Math And Science 43,grade-5,grade-5-808059410-vocabulary-from-classical-roots-book-5-grade-5-student-book,53,110,generic,generic-line-parser.v1,needs_review,,EXERCISE C: EXTEND YOUR VOCABULARY
83f68dee5667164f,ing system kilo,(from Greek for thousand) means “one thousand” and milli- (from Latin,,,Measuring In Math And Science 43,grade-5,grade-5-808059410-vocabulary-from-classical-roots-book-5-grade-5-student-book,53,111,generic,generic-line-parser.v1,needs_review,,ing system kilo- (from Greek for thousand) means “one thousand” and milli- (from Latin
71b420b0aea81817,Pulling Together,"The root struct as in structure means “build.” The root tract as in tractor means “pull, drag.”","In each of the following key words, underline the root.",,1,grade-5,grade-5-808059410-vocabulary-from-classical-roots-book-5-grade-5-student-book,54,112,generic,generic-line-parser.v1,needs_review,,"Pulling Together
The root struct as in structure means “build.” The root tract as in tractor means “pull, drag.”
In each of the following key words, underline the root.
construction extract retract
contraction protractor structure
destructive reconstruct traction
Using ROOT CLUES
The roots struct (build) and tract (pull) give you clues about meaning. When you spot one
of these roots in a word, you have a key to the word’s meaning. Use the underlined root
clues to help you match the following columns:
1. contraction A. to build again
2. reconstruct B. to pull back
3. structure C. a pulling together
4. retract D. a building
The root clues did not give you complete definitions as the following dictionary listings
will. But they got you started by giving you part of the meaning. Sometimes that part helps
you to figure out the word.
STRUCT (from the Latin word struere meaning “to heap up, build”)"
abedaa3c25f95b09,protractor,n. A semicircular device for drawing,,,,grade-5,grade-5-808059410-vocabulary-from-classical-roots-book-5-grade-5-student-book,56,113,generic,generic-line-parser.v1,needs_review,,"protractor
n. A semicircular device for drawing
and measuring angles.
When Dominic placed his protractor
on top of the angle, he could see the
number of degrees it had."
3496f8de09b292b7,retract,v. 1. To take back or withdraw.,The sunroof of the car retracted and fresh air filled the car.,,,grade-5,grade-5-808059410-vocabulary-from-classical-roots-book-5-grade-5-student-book,56,114,generic,generic-line-parser.v1,needs_review,,"retract
v. 1. To take back or withdraw.
When the teacher wasn’t amused, Kaitlyn retracted her statement
that the dog had eaten her homework.
2. To draw back or in.
The sunroof of the car retracted and fresh air filled the car."
1ad867afdba99f23,traction,n. 1. The power to grip or hold to a surface.,,,,grade-5,grade-5-808059410-vocabulary-from-classical-roots-book-5-grade-5-student-book,56,115,generic,generic-line-parser.v1,needs_review,,"traction
n. 1. The power to grip or hold to a surface.
Our new tires had good traction, which kept
our car from sliding on the ice."
1938748a5d11f4e1,A pulling on part of the body to help in,healing.,"At the hospital, my leg was put in traction for several days.",,,grade-5,grade-5-808059410-vocabulary-from-classical-roots-book-5-grade-5-student-book,56,116,generic,generic-line-parser.v1,needs_review,,"A pulling on part of the body to help in
healing.
At the hospital, my leg was put in traction for several days.
<> EXERCISE A: ANTONYMS
Write the letter of the best ANTONYM (the word or phrase most nearly opposite in mean-"
b28c485485acd517,ing to the word in bold,faced type).,,,,grade-5,grade-5-808059410-vocabulary-from-classical-roots-book-5-grade-5-student-book,56,117,generic,generic-line-parser.v1,needs_review,,ing to the word in bold-faced type).
62b0e6a57f72cb34,to extract the tooth,a. pull b. fill c. drill d. implant,,,,grade-5,grade-5-808059410-vocabulary-from-classical-roots-book-5-grade-5-student-book,56,118,generic,generic-line-parser.v1,needs_review,,"to extract the tooth
a. pull b. fill c. drill d. implant"
2e308a13832e4766,rapid construction,a. carpenters b. destruction c. bricks d. building,,,,grade-5,grade-5-808059410-vocabulary-from-classical-roots-book-5-grade-5-student-book,56,119,generic,generic-line-parser.v1,needs_review,,"rapid construction
a. carpenters b. destruction c. bricks d. building"
9f17fe84cd9c99db,retract a claim,a. review b. take back c. persist in d. speak,,,,grade-5,grade-5-808059410-vocabulary-from-classical-roots-book-5-grade-5-student-book,56,120,generic,generic-line-parser.v1,needs_review,,"retract a claim
a. review b. take back c. persist in d. speak"
b91361135b09f22a,destructive words,a. angry b. constructive c. long d. excited,,,,grade-5,grade-5-808059410-vocabulary-from-classical-roots-book-5-grade-5-student-book,56,121,generic,generic-line-parser.v1,needs_review,,"destructive words
a. angry b. constructive c. long d. excited"
99e39721d6d83ba3,contraction of a muscle,a. loosening b. shortening c. firming d. tearing,,,,grade-5,grade-5-808059410-vocabulary-from-classical-roots-book-5-grade-5-student-book,56,122,generic,generic-line-parser.v1,needs_review,,"contraction of a muscle
a. loosening b. shortening c. firming d. tearing
VCR_SB_5_EPS2266_int_r2.indd 46 9/12/22 10:41 AM"
d287ea2029c3dde1,EXERCISE B,MEANING IN CONTEXT,,,Pulling Together 47,grade-5,grade-5-808059410-vocabulary-from-classical-roots-book-5-grade-5-student-book,57,123,generic,generic-line-parser.v1,needs_review,,EXERCISE B: MEANING IN CONTEXT
e8947b212fbcb7e1,EXERCISE C,EXTEND YOUR VOCABULARY,,,Pulling Together 47,grade-5,grade-5-808059410-vocabulary-from-classical-roots-book-5-grade-5-student-book,57,124,generic,generic-line-parser.v1,needs_review,,EXERCISE C: EXTEND YOUR VOCABULARY
9c75868f1622ae95,Match each word that starts with the prefix ex,with its meaning.,,,Pulling Together 47,grade-5,grade-5-808059410-vocabulary-from-classical-roots-book-5-grade-5-student-book,57,125,generic,generic-line-parser.v1,needs_review,,Match each word that starts with the prefix ex- with its meaning.
ed365356b33a5d96,The prefix ex- is sometimes spelled e,", as in emancipate meaning “deliver out” or “free.”",,,,grade-5,grade-5-808059410-vocabulary-from-classical-roots-book-5-grade-5-student-book,58,126,generic,generic-line-parser.v1,needs_review,,"The prefix ex- is sometimes spelled e-, as in emancipate meaning “deliver out” or “free.”"
f2f2b1206405a77c,Example,The slaves were emancipated in 1863. The prefix e- has the same “out” meaning as,,,,grade-5,grade-5-808059410-vocabulary-from-classical-roots-book-5-grade-5-student-book,58,127,generic,generic-line-parser.v1,needs_review,,Example: The slaves were emancipated in 1863. The prefix e- has the same “out” meaning as
8b17839a2e35733d,ex,. Match each word that starts with the prefix e- with its meaning.,,,,grade-5,grade-5-808059410-vocabulary-from-classical-roots-book-5-grade-5-student-book,58,128,generic,generic-line-parser.v1,needs_review,,ex-. Match each word that starts with the prefix e- with its meaning.
a29546b59cc2469b,EXERCISE A,MATCHING,,,2,grade-5,grade-5-808059410-vocabulary-from-classical-roots-book-5-grade-5-student-book,59,129,generic,generic-line-parser.v1,needs_review,,EXERCISE A: MATCHING
e0fa29ec24a9d69e,civility,49,,,2,grade-5,grade-5-808059410-vocabulary-from-classical-roots-book-5-grade-5-student-book,59,130,generic,generic-line-parser.v1,needs_review,short_definition,"civility
49
VCR_SB_5_EPS2266_int_r2.indd 49 9/12/22 10:41 AM"
47da9c55049dfde8,EXERCISE B,SORTING,,,,grade-5,grade-5-808059410-vocabulary-from-classical-roots-book-5-grade-5-student-book,60,131,generic,generic-line-parser.v1,needs_review,short_definition,EXERCISE B: SORTING
49fafab990038536,thermometer,1. CIVI 2. ORD 3. THERM,,,,grade-5,grade-5-808059410-vocabulary-from-classical-roots-book-5-grade-5-student-book,60,132,generic,generic-line-parser.v1,needs_review,,"thermometer
1. CIVI 2. ORD 3. THERM
4. METR/METER 5. STRUCT 6. TRACT
VCR_SB_5_EPS2266_int_r2.indd 50 9/12/22 10:41 AM"
72a21c3a9723c7d0,EXERCISE C,VOCABULARY FROM YOUR TEXTBOOKS,,,Reviewing Lessons 9–11 51,grade-5,grade-5-808059410-vocabulary-from-classical-roots-book-5-grade-5-student-book,61,133,generic,generic-line-parser.v1,needs_review,,EXERCISE C: VOCABULARY FROM YOUR TEXTBOOKS
a226823df7b4d012,EXERCISE D,RHYMING RIDDLES,,,,grade-5,grade-5-808059410-vocabulary-from-classical-roots-book-5-grade-5-student-book,62,134,generic,generic-line-parser.v1,needs_review,,EXERCISE D: RHYMING RIDDLES
4fd7c79199a05be5,EXERCISE E,WRITING AND DISCUSSION ACTIVITIES,,,,grade-5,grade-5-808059410-vocabulary-from-classical-roots-book-5-grade-5-student-book,62,135,generic,generic-line-parser.v1,needs_review,,EXERCISE E: WRITING AND DISCUSSION ACTIVITIES
b045d85711c117b6,Cracking Apart,The roots frac as in fraction and frag as in fragile mean breaking or able to break. The root,,,3,grade-5,grade-5-808059410-vocabulary-from-classical-roots-book-5-grade-5-student-book,64,136,generic,generic-line-parser.v1,needs_review,,"Cracking Apart
The roots frac as in fraction and frag as in fragile mean breaking or able to break. The root
rupt as in interrupt also means breaking or bursting. In each of the following key words,
underline the root.
abrupt fractional fragility interruption
disrupt fracture fragment rupture
Using ROOT CLUES
When you spot the root frac/frag (break) or the root rupt (burst) in a word, you have a key
to the word’s meaning. Use the underlined root clues to help you match the following
columns:
1. fracture A. a piece that has broken off
2. fragment B. to break apart
3. interruption C. to burst open
4. rupture D. bursting in between two speakers
The root clues did not give you complete definitions as the following dictionary listings
will. But they got you started by giving you part of the meaning. Sometimes that part helps
you to figure out the word.
FRAC/FRAG (from the Latin word fractus/frangere meaning “to crack; to break”)"
97cbc09ceaab80af,NOTA BENE,"Though both fracture and rupture can mean “break,” they convey",,,,grade-5,grade-5-808059410-vocabulary-from-classical-roots-book-5-grade-5-student-book,66,137,generic,generic-line-parser.v1,needs_review,,"NOTA BENE
Though both fracture and rupture can mean “break,” they convey
different kinds of breaking. When a bone breaks, it is called a
fractured bone. When an appendix breaks open or bursts, it is called
a ruptured appendix. The two words are used differently: Angry
words can cause a rupture in a relationship, but not a fracture.
= EXERCISE A: SYNONYMS
Write the letter of the best SYNONYM (the word or phrase most nearly the same in mean-"
670f684989657637,ing as the word in bold,faced type).,,,,grade-5,grade-5-808059410-vocabulary-from-classical-roots-book-5-grade-5-student-book,66,138,generic,generic-line-parser.v1,needs_review,,ing as the word in bold-faced type).
52f5098eff2d9247,to fracture a bone,a. bruise b. cast c. clean d. crack,,,,grade-5,grade-5-808059410-vocabulary-from-classical-roots-book-5-grade-5-student-book,66,139,generic,generic-line-parser.v1,needs_review,,"to fracture a bone
a. bruise b. cast c. clean d. crack"
782d88e6616920e8,a small fragment,a. dish b. piece c. split d. cup,,,,grade-5,grade-5-808059410-vocabulary-from-classical-roots-book-5-grade-5-student-book,66,140,generic,generic-line-parser.v1,needs_review,,"a small fragment
a. dish b. piece c. split d. cup"
1e5310560d57a1a5,a serious rupture,a. bursting b. splinter c. injure d. sprain,,,,grade-5,grade-5-808059410-vocabulary-from-classical-roots-book-5-grade-5-student-book,66,141,generic,generic-line-parser.v1,needs_review,,"a serious rupture
a. bursting b. splinter c. injure d. sprain"
eada0c171234e135,to disrupt a game,a. dissect b. disappoint c. dislike d. disturb,,,,grade-5,grade-5-808059410-vocabulary-from-classical-roots-book-5-grade-5-student-book,66,142,generic,generic-line-parser.v1,needs_review,,"to disrupt a game
a. dissect b. disappoint c. dislike d. disturb"
22d76bf9ef3fc655,an abrupt stop,a. scheduled b. expected c. sudden d. regular,,,,grade-5,grade-5-808059410-vocabulary-from-classical-roots-book-5-grade-5-student-book,66,143,generic,generic-line-parser.v1,needs_review,,"an abrupt stop
a. scheduled b. expected c. sudden d. regular"
a72e6d8da122bb0a,EXERCISE B,MEANING IN CONTEXT,,,,grade-5,grade-5-808059410-vocabulary-from-classical-roots-book-5-grade-5-student-book,66,144,generic,generic-line-parser.v1,needs_review,,EXERCISE B: MEANING IN CONTEXT
2b73414bc3eb0c2b,EXERCISE C,EXTEND YOUR VOCABULARY,,,,grade-5,grade-5-808059410-vocabulary-from-classical-roots-book-5-grade-5-student-book,66,145,generic,generic-line-parser.v1,needs_review,,EXERCISE C: EXTEND YOUR VOCABULARY
d78f6fec697a39e2,The noun suffix,ment,,,,grade-5,grade-5-808059410-vocabulary-from-classical-roots-book-5-grade-5-student-book,66,146,generic,generic-line-parser.v1,needs_review,short_definition,The noun suffix -ment
b0bf74c75f272ba7,the suffix,ment. Ment can be used as a suffix on a complete word as well as on a root. Look,,,,grade-5,grade-5-808059410-vocabulary-from-classical-roots-book-5-grade-5-student-book,66,147,generic,generic-line-parser.v1,needs_review,,the suffix -ment. Ment can be used as a suffix on a complete word as well as on a root. Look
3f9e8a36aa8e2556,All of the following words end in,ment. Sort them into two groups. On the lines in the first,,,Cracking Apart 57,grade-5,grade-5-808059410-vocabulary-from-classical-roots-book-5-grade-5-student-book,67,148,generic,generic-line-parser.v1,needs_review,,All of the following words end in -ment. Sort them into two groups. On the lines in the first
b12892cea47433d7,government,Complete word + -ment Root + -ment,,,Cracking Apart 57,grade-5,grade-5-808059410-vocabulary-from-classical-roots-book-5-grade-5-student-book,67,149,generic,generic-line-parser.v1,needs_review,,"government
Complete word + -ment Root + -ment
1. What part of speech are all the words in the first column?
2. On each word in the first column, cross out the suffix -ment and look at the base
word that is left. What part of speech are all of those words?
3. On the words in the first column, how does the suffix -ment change the original
word?
4. In which column are all the words the names of things you can touch?
5. What part of speech are all the words in the second column?
VCR_SB_5_EPS2266_int_r2.indd 57 9/12/22 10:41 AM"
b252ee49e9c48140,position,n. 1. Place or placement.,"Alejandro found his position in line, third from the end.",,,grade-5,grade-5-808059410-vocabulary-from-classical-roots-book-5-grade-5-student-book,70,150,generic,generic-line-parser.v1,needs_review,,"position
n. 1. Place or placement.
Alejandro found his position in line, third from the end.
2. Job, rank, office.
Alyssa decided to run for the position of student council president.
3. Point of view, way of thinking.
During the argument over extending the school day, Ms. Garcia
stated her position."
32960ccd1c3a9b0f,positive,"adj. 1. Sure, certain, definite.",,,,grade-5,grade-5-808059410-vocabulary-from-classical-roots-book-5-grade-5-student-book,70,151,generic,generic-line-parser.v1,needs_review,,"positive
adj. 1. Sure, certain, definite.
The twins were positive that they had left their bicycles in back of
the house.
2. Good, favorable, constructive.
Cornel was pleased when the teacher made positive comments
about his written report.
= EXERCISE A: SYNONYMS
Write the letter of the best SYNONYM (the word or phrase most nearly the same in mean-"
d02ed527b6385782,ing as the word in bold,faced type).,,,,grade-5,grade-5-808059410-vocabulary-from-classical-roots-book-5-grade-5-student-book,70,152,generic,generic-line-parser.v1,needs_review,,ing as the word in bold-faced type).
b7ed7000c9998dc6,her position in the line,a. place b. lead c. posture d. pushing,,,,grade-5,grade-5-808059410-vocabulary-from-classical-roots-book-5-grade-5-student-book,70,153,generic,generic-line-parser.v1,needs_review,,"her position in the line
a. place b. lead c. posture d. pushing"
fbd6bbf9745d1fcc,the basis of his idea,a. power b. foundation c. construction d. appeal,,,,grade-5,grade-5-808059410-vocabulary-from-classical-roots-book-5-grade-5-student-book,70,154,generic,generic-line-parser.v1,needs_review,,"the basis of his idea
a. power b. foundation c. construction d. appeal"
b39f17418c13282c,composition of the paint,a. odor b. placement c. part d. makeup,,,,grade-5,grade-5-808059410-vocabulary-from-classical-roots-book-5-grade-5-student-book,70,155,generic,generic-line-parser.v1,needs_review,,"composition of the paint
a. odor b. placement c. part d. makeup"
d443702c591535ed,the bass drum,a. chorus b. with low notes c. with high notes d. orchestra,,,,grade-5,grade-5-808059410-vocabulary-from-classical-roots-book-5-grade-5-student-book,70,156,generic,generic-line-parser.v1,needs_review,,"the bass drum
a. chorus b. with low notes c. with high notes d. orchestra"
7f2dcfd44e6ce971,hurt by exposure,a. being hidden b. being bored c. being revealed d. being punished,,,,grade-5,grade-5-808059410-vocabulary-from-classical-roots-book-5-grade-5-student-book,70,157,generic,generic-line-parser.v1,needs_review,,"hurt by exposure
a. being hidden b. being bored c. being revealed d. being punished
VCR_SB_5_EPS2266_int_r2.indd 60 9/12/22 10:41 AM"
55982247ad14edf3,EXERCISE B,MEANING IN CONTEXT,,,Placing The Foundation 61,grade-5,grade-5-808059410-vocabulary-from-classical-roots-book-5-grade-5-student-book,71,158,generic,generic-line-parser.v1,needs_review,,EXERCISE B: MEANING IN CONTEXT
d86ab1efe6d20038,EXERCISE C,EXTEND YOUR VOCABULARY,,,Placing The Foundation 61,grade-5,grade-5-808059410-vocabulary-from-classical-roots-book-5-grade-5-student-book,71,159,generic,generic-line-parser.v1,needs_review,,EXERCISE C: EXTEND YOUR VOCABULARY
d126745fb6c7d74d,The noun suffix,ure,,,Placing The Foundation 61,grade-5,grade-5-808059410-vocabulary-from-classical-roots-book-5-grade-5-student-book,71,160,generic,generic-line-parser.v1,needs_review,short_definition,The noun suffix -ure
c4dcc2640ebc2c36,The key word exposure has three meaningful parts,"ex which can mean “out,” pos which can",,,Placing The Foundation 61,grade-5,grade-5-808059410-vocabulary-from-classical-roots-book-5-grade-5-student-book,71,161,generic,generic-line-parser.v1,needs_review,,"The key word exposure has three meaningful parts: ex which can mean “out,” pos which can"
5d80c16dd0538a74,Use these words that end in the suffix,ure to answer the following questions.,,,Placing The Foundation 61,grade-5,grade-5-808059410-vocabulary-from-classical-roots-book-5-grade-5-student-book,71,162,generic,generic-line-parser.v1,needs_review,,Use these words that end in the suffix -ure to answer the following questions.
a318f87357b1fce8,The prefixes com- as in combine and con,as in connect mean “together; with.” The prefix re- as,,,5,grade-5,grade-5-808059410-vocabulary-from-classical-roots-book-5-grade-5-student-book,72,163,generic,generic-line-parser.v1,needs_review,,The prefixes com- as in combine and con- as in connect mean “together; with.” The prefix re- as
3b2009e341e7f2db,The prefixes com,/con- (together or with) and re- (back or again) give you clues about mean-,,,5,grade-5,grade-5-808059410-vocabulary-from-classical-roots-book-5-grade-5-student-book,72,164,generic,generic-line-parser.v1,needs_review,,The prefixes com-/con- (together or with) and re- (back or again) give you clues about mean-
a2d440fd82628dac,COM,"/CON- (from the Latin word cum meaning “together, with”)",,,Connecting With Prefixes 63,grade-5,grade-5-808059410-vocabulary-from-classical-roots-book-5-grade-5-student-book,73,165,generic,generic-line-parser.v1,needs_review,,"COM-/CON- (from the Latin word cum meaning “together, with”)"
53baa13af4edd581,RE,(from Latin meaning “back or again”),,,,grade-5,grade-5-808059410-vocabulary-from-classical-roots-book-5-grade-5-student-book,74,166,generic,generic-line-parser.v1,needs_review,,RE- (from Latin meaning “back or again”)
9da610d9089d5388,ing as the word in bold,faced type).,,,Connecting With Prefixes 65,grade-5,grade-5-808059410-vocabulary-from-classical-roots-book-5-grade-5-student-book,75,167,generic,generic-line-parser.v1,needs_review,,ing as the word in bold-faced type).
85853c31c9f95ec4,using a conjunction in the sentence,a. noun b. verb c. group d. joining word,,,Connecting With Prefixes 65,grade-5,grade-5-808059410-vocabulary-from-classical-roots-book-5-grade-5-student-book,75,168,generic,generic-line-parser.v1,needs_review,,"using a conjunction in the sentence
a. noun b. verb c. group d. joining word"
0141b56629357d5c,to relate to,a. be done b. connect c. bend d. repeat,,,Connecting With Prefixes 65,grade-5,grade-5-808059410-vocabulary-from-classical-roots-book-5-grade-5-student-book,75,169,generic,generic-line-parser.v1,needs_review,,"to relate to
a. be done b. connect c. bend d. repeat"
aeefd4b7fc2c88ba,reelect the president,a. side with b. campaign c. vote d. choose again,,,Connecting With Prefixes 65,grade-5,grade-5-808059410-vocabulary-from-classical-roots-book-5-grade-5-student-book,75,170,generic,generic-line-parser.v1,needs_review,,"reelect the president
a. side with b. campaign c. vote d. choose again"
560c1fc00a97dfb8,communicate information,a. make known b. decide on c. join d. hide,,,Connecting With Prefixes 65,grade-5,grade-5-808059410-vocabulary-from-classical-roots-book-5-grade-5-student-book,75,171,generic,generic-line-parser.v1,needs_review,,"communicate information
a. make known b. decide on c. join d. hide"
6badd6a354c4bd61,to reflect upon,a. dream b. judge c. consider d. serve,,,Connecting With Prefixes 65,grade-5,grade-5-808059410-vocabulary-from-classical-roots-book-5-grade-5-student-book,75,172,generic,generic-line-parser.v1,needs_review,,"to reflect upon
a. dream b. judge c. consider d. serve"
f7955062c3963796,EXERCISE B,MEANING IN CONTEXT,,,Connecting With Prefixes 65,grade-5,grade-5-808059410-vocabulary-from-classical-roots-book-5-grade-5-student-book,75,173,generic,generic-line-parser.v1,needs_review,,EXERCISE B: MEANING IN CONTEXT
04e22bb87b66c083,EXERCISE C,EXTEND YOUR VOCABULARY,,,Connecting With Prefixes 65,grade-5,grade-5-808059410-vocabulary-from-classical-roots-book-5-grade-5-student-book,75,174,generic,generic-line-parser.v1,needs_review,,EXERCISE C: EXTEND YOUR VOCABULARY
78bfdce41cbffd8b,The prefix com,"/con- (together, with) is sometimes spelled other ways. Look at col- in collect",,,Connecting With Prefixes 65,grade-5,grade-5-808059410-vocabulary-from-classical-roots-book-5-grade-5-student-book,75,175,generic,generic-line-parser.v1,needs_review,,"The prefix com-/con- (together, with) is sometimes spelled other ways. Look at col- in collect"
f31d0d554765481f,CON,", or OTHER.",,,,grade-5,grade-5-808059410-vocabulary-from-classical-roots-book-5-grade-5-student-book,76,176,generic,generic-line-parser.v1,needs_review,,"CON-, or OTHER."
b230c611c84cb74e,COM- CON,OTHER,,,,grade-5,grade-5-808059410-vocabulary-from-classical-roots-book-5-grade-5-student-book,76,177,generic,generic-line-parser.v1,needs_review,short_definition,COM- CON- OTHER
e349c3c91bb57e90,EXERCISE A,MATCHING,,,6,grade-5,grade-5-808059410-vocabulary-from-classical-roots-book-5-grade-5-student-book,77,178,generic,generic-line-parser.v1,needs_review,,EXERCISE A: MATCHING
b101d7ea2d19cccc,signature,67,,,6,grade-5,grade-5-808059410-vocabulary-from-classical-roots-book-5-grade-5-student-book,77,179,generic,generic-line-parser.v1,needs_review,short_definition,"signature
67
VCR_SB_5_EPS2266_int_r2.indd 67 9/12/22 10:41 AM"
34bd59d6805b9299,EXERCISE B,SORTING,,,,grade-5,grade-5-808059410-vocabulary-from-classical-roots-book-5-grade-5-student-book,78,180,generic,generic-line-parser.v1,needs_review,short_definition,EXERCISE B: SORTING
7df712c33a74c06a,EXERCISE C,VOCABULARY FROM YOUR TEXTBOOKS,,,Reviewing Lessons 13–15 69,grade-5,grade-5-808059410-vocabulary-from-classical-roots-book-5-grade-5-student-book,79,181,generic,generic-line-parser.v1,needs_review,,EXERCISE C: VOCABULARY FROM YOUR TEXTBOOKS
66a6be6c3ca1e8ce,EXERCISE D,RHYMING RIDDLES,,,,grade-5,grade-5-808059410-vocabulary-from-classical-roots-book-5-grade-5-student-book,80,182,generic,generic-line-parser.v1,needs_review,,EXERCISE D: RHYMING RIDDLES
7bed7b8504b25276,EXERCISE E,WRITING AND DISCUSSION ACTIVITIES,,,,grade-5,grade-5-808059410-vocabulary-from-classical-roots-book-5-grade-5-student-book,80,183,generic,generic-line-parser.v1,needs_review,,EXERCISE E: WRITING AND DISCUSSION ACTIVITIES
8edcefd6079b3b60,disruptions,"3. Look back at the boxes of Challenge Words on pages 55, 59, 63, and 64. From these",A.,,Reviewing Lessons 13–15 71,grade-5,grade-5-808059410-vocabulary-from-classical-roots-book-5-grade-5-student-book,81,184,generic,generic-line-parser.v1,needs_review,,"disruptions
3. Look back at the boxes of Challenge Words on pages 55, 59, 63, and 64. From these
words, choose three to write on the following lines. Try to define each word.
A.
B.
C.
Now look up these three words in the dictionary. Expand (or revise) your definitions on
the following lines.
A.
B.
C.
VCR_SB_5_EPS2266_int_r2.indd 71 9/12/22 10:41 AM"
d5c9c5ad4c4f1f67,WORD LIST,(Numbers in parentheses refer to the lesson in which the word appears.),,,,grade-5,grade-5-808059410-vocabulary-from-classical-roots-book-5-grade-5-student-book,82,185,generic,generic-line-parser.v1,needs_review,,"WORD LIST
(Numbers in parentheses refer to the lesson in which the word appears.)
abrupt (13) dependent (2) interval (3) symmetrical (10)
aquaculture (5) destructive (11)
Mediterranean (5) telecast (6)
aquamarine (5) diameter (10)
metronome (10) teleconference (6)
aquatic (5) dispose (14)
telegraph (6)
astronaut (6) disrupt (13) ordinarily (9)
telemarketing (6)
astronomical (6)
equality (2) pending (2) telescope (6)
astronomy (6)
equate (2) pendulum (2) terrace (5)
basement (14) equator (2) perimeter (10) terrain (5)
basis (14) equidistant (2) position (14) territory (5)
bass (14) equilateral (2) positive (14) thermal (10)
exposure (14) protractor (11) thermometer (10)
circuit (1)
extract (11) thermostat (10)
circular (1) reaction (15)
extraordinary (9) traction (11)
circulate (1) reconstruct (11) transact (3)
civics (9) fractional (13) recycle (1) transfer (3)
civil (9) fracture (13) reelect (15) transfusion (3)
civilian (9) fragility (13) reflect (15) transmit (3)
civility (9) fragment (13) relate (15)
committee (15) retract (11) uncivilized (9)
geometry (10)
communicate (15) rupture (13) unicycle (1)
composition (14) inactive (7)
conjunction (15) semiannual (7)
informal (7)
construction (11) semicircle (1)
insignificant (7)
contraction (11) semicolon (7)
insomnia (7)
converse (15) semiconscious (7)
interactive (3)
coordinate (9) semiformal (7)
interfere (3)
cycle (1) semiprecious (7)
intermittent (3)
cyclone (1) structure (11)
interruption (13)
subterranean (5)
intersect (3)
72
VCR_SB_5_EPS2266_int_r2.indd 72 9/12/22 10:41 AM"
e15e8ac3d59a6ac4,Lee Mountain,VCR_SB5_EPS2266_cvr_r2.indd 1 9/12/22 8:26 AM,,,,grade-5,grade-5-808059410-vocabulary-from-classical-roots-book-5-grade-5-student-book,84,186,generic,generic-line-parser.v1,needs_review,,"Lee Mountain
VCR_SB5_EPS2266_cvr_r2.indd 1 9/12/22 8:26 AM"
